"","Date","Count","Package","Cumulative","Label"
"1","2008-09-08",1,NA,1,""
"2","2008-10-28",1,NA,2,""
"3","2010-06-25",1,NA,3,""
"4","2010-07-07",1,NA,4,""
"5","2010-10-01",1,NA,5,""
"6","2011-08-18",1,NA,6,""
"7","2011-09-07",1,NA,7,""
"8","2011-11-03",1,NA,8,""
"9","2011-12-01",1,NA,9,""
"10","2011-12-28",1,NA,10,""
"11","2012-01-28",1,NA,11,""
"12","2012-03-01",1,NA,12,""
"13","2012-03-04",1,NA,13,""
"14","2012-03-16",1,NA,14,""
"15","2012-03-19",1,NA,15,""
"16","2012-04-03",1,NA,16,""
"17","2012-04-10",1,NA,17,""
"18","2012-04-12",1,NA,18,""
"19","2012-05-05",1,NA,19,""
"20","2012-05-14",1,NA,20,""
"21","2012-05-18",1,NA,21,""
"22","2012-06-01",1,NA,22,""
"23","2012-06-11",1,NA,23,""
"24","2012-06-15",1,NA,24,""
"25","2012-06-21",1,NA,25,""
"26","2012-07-06",1,NA,26,""
"27","2012-07-20",1,NA,27,""
"28","2012-07-23",1,NA,28,""
"29","2012-07-31",1,NA,29,""
"30","2012-08-21",1,NA,30,""
"31","2012-08-22",1,NA,31,""
"32","2012-08-23",1,NA,32,""
"33","2012-08-30",1,NA,33,""
"34","2012-09-06",1,NA,34,""
"35","2012-09-19",1,NA,35,""
"36","2012-10-01",1,NA,36,""
"37","2012-10-03",1,NA,37,""
"38","2012-10-29",12,NA,49,""
"39","2012-10-30",1,NA,50,""
"40","2012-11-01",1,NA,51,""
"41","2012-11-02",1,NA,52,""
"42","2012-12-03",1,NA,53,""
"43","2012-12-17",1,NA,54,""
"44","2012-12-19",1,NA,55,""
"45","2013-01-05",1,NA,56,""
"46","2013-01-13",1,NA,57,""
"47","2013-01-25",1,NA,58,""
"48","2013-02-23",1,NA,59,""
"49","2013-02-28",1,NA,60,""
"50","2013-03-14",1,NA,61,""
"51","2013-03-19",1,NA,62,""
"52","2013-04-05",1,NA,63,""
"53","2013-05-09",1,NA,64,""
"54","2013-05-11",1,NA,65,""
"55","2013-05-16",1,NA,66,""
"56","2013-05-17",1,NA,67,""
"57","2013-06-04",2,NA,69,""
"58","2013-06-08",1,NA,70,""
"59","2013-06-10",1,NA,71,""
"60","2013-06-13",1,NA,72,""
"61","2013-07-14",1,NA,73,""
"62","2013-07-16",1,NA,74,""
"63","2013-07-21",1,NA,75,""
"64","2013-07-23",1,NA,76,""
"65","2013-07-28",1,NA,77,""
"66","2013-07-31",2,NA,79,""
"67","2013-08-23",1,NA,80,""
"68","2013-09-07",1,NA,81,""
"69","2013-09-10",1,NA,82,""
"70","2013-09-16",1,NA,83,""
"71","2013-09-23",2,NA,85,""
"72","2013-09-25",1,NA,86,""
"73","2013-09-30",1,NA,87,""
"74","2013-10-11",1,NA,88,""
"75","2013-10-13",1,NA,89,""
"76","2013-10-22",1,NA,90,""
"77","2013-10-29",1,NA,91,""
"78","2013-11-04",1,NA,92,""
"79","2013-11-06",1,NA,93,""
"80","2013-11-14",1,NA,94,""
"81","2013-11-16",1,NA,95,""
"82","2013-11-22",1,NA,96,""
"83","2013-11-23",1,NA,97,""
"84","2013-11-28",1,NA,98,""
"85","2013-11-29",1,NA,99,""
"86","2013-12-03",1,NA,100,""
"87","2013-12-05",1,NA,101,""
"88","2013-12-07",1,NA,102,""
"89","2013-12-11",1,NA,103,""
"90","2013-12-12",1,NA,104,""
"91","2013-12-17",1,NA,105,""
"92","2013-12-18",2,NA,107,""
"93","2013-12-24",1,NA,108,""
"94","2013-12-26",1,NA,109,""
"95","2013-12-30",1,NA,110,""
"96","2014-01-17",1,NA,111,""
"97","2014-01-19",1,NA,112,""
"98","2014-01-26",1,NA,113,""
"99","2014-02-07",1,NA,114,""
"100","2014-02-17",1,NA,115,""
"101","2014-02-20",1,NA,116,""
"102","2014-02-21",2,NA,118,""
"103","2014-02-22",2,NA,120,""
"104","2014-02-24",1,NA,121,""
"105","2014-03-02",1,NA,122,""
"106","2014-03-04",1,NA,123,""
"107","2014-03-09",1,NA,124,""
"108","2014-03-10",1,NA,125,""
"109","2014-03-11",1,NA,126,""
"110","2014-03-12",2,NA,128,""
"111","2014-03-15",1,NA,129,""
"112","2014-03-19",1,NA,130,""
"113","2014-03-25",1,NA,131,""
"114","2014-04-03",1,NA,132,""
"115","2014-04-05",2,NA,134,""
"116","2014-04-10",1,NA,135,""
"117","2014-04-15",1,NA,136,""
"118","2014-04-27",1,NA,137,""
"119","2014-04-30",1,NA,138,""
"120","2014-05-05",1,NA,139,""
"121","2014-05-06",1,NA,140,""
"122","2014-05-13",1,NA,141,""
"123","2014-05-19",1,NA,142,""
"124","2014-06-10",2,NA,144,""
"125","2014-06-11",1,NA,145,""
"126","2014-06-12",1,NA,146,""
"127","2014-06-16",1,NA,147,""
"128","2014-06-18",1,NA,148,""
"129","2014-06-26",1,NA,149,""
"130","2014-06-30",1,NA,150,""
"131","2014-07-03",1,NA,151,""
"132","2014-07-06",1,NA,152,""
"133","2014-07-16",1,NA,153,""
"134","2014-07-20",1,NA,154,""
"135","2014-07-21",1,NA,155,""
"136","2014-07-22",1,NA,156,""
"137","2014-08-01",1,NA,157,""
"138","2014-08-03",1,NA,158,""
"139","2014-08-08",1,NA,159,""
"140","2014-08-12",1,NA,160,""
"141","2014-08-13",1,NA,161,""
"142","2014-08-15",1,NA,162,""
"143","2014-08-18",1,NA,163,""
"144","2014-08-22",2,NA,165,""
"145","2014-08-28",1,NA,166,""
"146","2014-09-04",3,NA,169,""
"147","2014-09-09",1,NA,170,""
"148","2014-09-15",1,NA,171,""
"149","2014-09-21",2,NA,173,""
"150","2014-10-09",1,NA,174,""
"151","2014-10-14",1,NA,175,""
"152","2014-10-20",3,NA,178,""
"153","2014-10-27",2,NA,180,""
"154","2014-10-31",1,NA,181,""
"155","2014-11-05",1,NA,182,""
"156","2014-11-25",1,NA,183,""
"157","2014-12-01",1,NA,184,""
"158","2014-12-02",1,NA,185,""
"159","2014-12-03",2,NA,187,""
"160","2014-12-09",1,NA,188,""
"161","2014-12-17",1,NA,189,""
"162","2014-12-18",1,NA,190,""
"163","2014-12-20",3,NA,193,""
"164","2014-12-24",3,NA,196,""
"165","2014-12-30",1,NA,197,""
"166","2015-01-01",1,NA,198,""
"167","2015-01-04",2,NA,200,""
"168","2015-01-08",1,NA,201,""
"169","2015-01-11",1,NA,202,""
"170","2015-01-12",1,NA,203,""
"171","2015-01-13",2,NA,205,""
"172","2015-01-23",1,NA,206,""
"173","2015-01-27",1,NA,207,""
"174","2015-01-28",1,NA,208,""
"175","2015-01-31",1,NA,209,""
"176","2015-02-03",1,NA,210,""
"177","2015-02-06",1,NA,211,""
"178","2015-02-12",1,NA,212,""
"179","2015-02-13",1,NA,213,""
"180","2015-02-17",1,NA,214,""
"181","2015-02-19",1,NA,215,""
"182","2015-02-20",1,NA,216,""
"183","2015-02-22",1,NA,217,""
"184","2015-02-25",1,NA,218,""
"185","2015-02-28",1,NA,219,""
"186","2015-03-05",1,NA,220,""
"187","2015-03-11",2,NA,222,""
"188","2015-04-03",1,NA,223,""
"189","2015-04-09",2,NA,225,""
"190","2015-04-13",1,NA,226,""
"191","2015-04-16",1,NA,227,""
"192","2015-04-21",2,NA,229,""
"193","2015-04-27",1,NA,230,""
"194","2015-05-01",1,NA,231,""
"195","2015-05-02",4,NA,235,""
"196","2015-05-04",1,NA,236,""
"197","2015-05-05",2,NA,238,""
"198","2015-05-07",1,NA,239,""
"199","2015-05-09",1,NA,240,""
"200","2015-05-10",1,NA,241,""
"201","2015-05-14",1,NA,242,""
"202","2015-05-21",2,NA,244,""
"203","2015-05-23",1,NA,245,""
"204","2015-05-30",1,NA,246,""
"205","2015-06-01",1,NA,247,""
"206","2015-06-03",1,NA,248,""
"207","2015-06-19",1,NA,249,""
"208","2015-06-22",1,NA,250,""
"209","2015-06-23",1,NA,251,""
"210","2015-06-26",2,NA,253,""
"211","2015-06-27",1,NA,254,""
"212","2015-06-30",1,NA,255,""
"213","2015-07-01",3,NA,258,""
"214","2015-07-02",4,NA,262,""
"215","2015-07-03",8,NA,270,""
"216","2015-07-04",3,NA,273,""
"217","2015-07-07",1,NA,274,""
"218","2015-07-08",9,NA,283,""
"219","2015-07-09",2,NA,285,""
"220","2015-07-10",2,NA,287,""
"221","2015-07-11",2,NA,289,""
"222","2015-07-12",1,NA,290,""
"223","2015-07-13",2,NA,292,""
"224","2015-07-14",3,NA,295,""
"225","2015-07-15",3,NA,298,""
"226","2015-07-16",2,NA,300,""
"227","2015-07-17",2,NA,302,""
"228","2015-07-18",1,NA,303,""
"229","2015-07-19",2,NA,305,""
"230","2015-07-22",3,NA,308,""
"231","2015-07-23",6,NA,314,""
"232","2015-07-24",2,NA,316,""
"233","2015-07-27",4,NA,320,""
"234","2015-07-28",3,NA,323,""
"235","2015-07-29",5,NA,328,""
"236","2015-07-30",2,NA,330,""
"237","2015-07-31",6,NA,336,""
"238","2015-08-03",1,NA,337,""
"239","2015-08-04",2,NA,339,""
"240","2015-08-05",1,NA,340,""
"241","2015-08-06",1,NA,341,""
"242","2015-08-08",1,NA,342,""
"243","2015-08-09",2,NA,344,""
"244","2015-08-10",3,NA,347,""
"245","2015-08-11",1,NA,348,""
"246","2015-08-12",2,NA,350,""
"247","2015-08-13",2,NA,352,""
"248","2015-08-14",1,NA,353,""
"249","2015-08-16",1,NA,354,""
"250","2015-08-17",2,NA,356,""
"251","2015-08-19",4,NA,360,""
"252","2015-08-20",1,NA,361,""
"253","2015-08-21",1,NA,362,""
"254","2015-08-23",2,NA,364,""
"255","2015-08-25",4,NA,368,""
"256","2015-08-26",2,NA,370,""
"257","2015-08-28",5,NA,375,""
"258","2015-08-29",1,NA,376,""
"259","2015-08-31",3,NA,379,""
"260","2015-09-01",3,NA,382,""
"261","2015-09-02",3,NA,385,""
"262","2015-09-03",2,NA,387,""
"263","2015-09-04",4,NA,391,""
"264","2015-09-05",2,NA,393,""
"265","2015-09-06",1,NA,394,""
"266","2015-09-07",4,NA,398,""
"267","2015-09-08",1,NA,399,""
"268","2015-09-09",2,NA,401,""
"269","2015-09-10",1,NA,402,""
"270","2015-09-11",3,NA,405,""
"271","2015-09-12",1,NA,406,""
"272","2015-09-13",1,NA,407,""
"273","2015-09-14",2,NA,409,""
"274","2015-09-15",2,NA,411,""
"275","2015-09-16",4,NA,415,""
"276","2015-09-17",3,NA,418,""
"277","2015-09-18",2,NA,420,""
"278","2015-09-19",1,NA,421,""
"279","2015-09-20",2,NA,423,""
"280","2015-09-21",1,NA,424,""
"281","2015-09-23",1,NA,425,""
"282","2015-09-24",2,NA,427,""
"283","2015-09-25",3,NA,430,""
"284","2015-09-26",3,NA,433,""
"285","2015-09-27",2,NA,435,""
"286","2015-09-28",3,NA,438,""
"287","2015-09-29",2,NA,440,""
"288","2015-10-01",3,NA,443,""
"289","2015-10-02",2,NA,445,""
"290","2015-10-05",3,NA,448,""
"291","2015-10-06",1,NA,449,""
"292","2015-10-08",1,NA,450,""
"293","2015-10-10",1,NA,451,""
"294","2015-10-12",2,NA,453,""
"295","2015-10-13",3,NA,456,""
"296","2015-10-14",2,NA,458,""
"297","2015-10-16",1,NA,459,""
"298","2015-10-17",1,NA,460,""
"299","2015-10-18",1,NA,461,""
"300","2015-10-19",6,NA,467,""
"301","2015-10-20",2,NA,469,""
"302","2015-10-21",1,NA,470,""
"303","2015-10-22",1,NA,471,""
"304","2015-10-23",3,NA,474,""
"305","2015-10-24",3,NA,477,""
"306","2015-10-25",2,NA,479,""
"307","2015-10-26",2,NA,481,""
"308","2015-10-27",1,NA,482,""
"309","2015-10-28",1,NA,483,""
"310","2015-10-29",1,NA,484,""
"311","2015-10-31",3,NA,487,""
"312","2015-11-01",4,NA,491,""
"313","2015-11-02",1,NA,492,""
"314","2015-11-03",2,NA,494,""
"315","2015-11-04",2,NA,496,""
"316","2015-11-05",2,NA,498,""
"317","2015-11-06",2,NA,500,""
"318","2015-11-07",4,NA,504,""
"319","2015-11-09",1,NA,505,""
"320","2015-11-11",3,NA,508,""
"321","2015-11-12",1,NA,509,""
"322","2015-11-15",1,NA,510,""
"323","2015-11-16",1,NA,511,""
"324","2015-11-17",1,NA,512,""
"325","2015-11-18",2,NA,514,""
"326","2015-11-19",1,NA,515,""
"327","2015-11-21",1,NA,516,""
"328","2015-11-22",2,NA,518,""
"329","2015-11-23",2,NA,520,""
"330","2015-11-24",1,NA,521,""
"331","2015-11-25",1,NA,522,""
"332","2015-11-26",1,NA,523,""
"333","2015-11-28",1,NA,524,""
"334","2015-11-30",6,NA,530,""
"335","2015-12-02",3,NA,533,""
"336","2015-12-03",3,NA,536,""
"337","2015-12-04",3,NA,539,""
"338","2015-12-05",1,NA,540,""
"339","2015-12-06",1,NA,541,""
"340","2015-12-07",2,NA,543,""
"341","2015-12-08",2,NA,545,""
"342","2015-12-09",4,NA,549,""
"343","2015-12-10",1,NA,550,""
"344","2015-12-11",2,NA,552,""
"345","2015-12-12",1,NA,553,""
"346","2015-12-14",5,NA,558,""
"347","2015-12-15",1,NA,559,""
"348","2015-12-16",3,NA,562,""
"349","2015-12-18",1,NA,563,""
"350","2015-12-19",1,NA,564,""
"351","2015-12-20",1,NA,565,""
"352","2015-12-21",3,NA,568,""
"353","2015-12-22",3,NA,571,""
"354","2015-12-23",2,NA,573,""
"355","2015-12-24",4,NA,577,""
"356","2015-12-26",1,NA,578,""
"357","2015-12-27",1,NA,579,""
"358","2015-12-28",2,NA,581,""
"359","2015-12-29",2,NA,583,""
"360","2015-12-30",2,NA,585,""
"361","2015-12-31",2,NA,587,""
"362","2016-01-01",1,NA,588,""
"363","2016-01-03",1,NA,589,""
"364","2016-01-04",3,NA,592,""
"365","2016-01-05",3,NA,595,""
"366","2016-01-06",2,NA,597,""
"367","2016-01-07",2,NA,599,""
"368","2016-01-08",3,NA,602,""
"369","2016-01-11",2,NA,604,""
"370","2016-01-12",4,NA,608,""
"371","2016-01-13",3,NA,611,""
"372","2016-01-15",3,NA,614,""
"373","2016-01-17",1,NA,615,""
"374","2016-01-18",2,NA,617,""
"375","2016-01-19",4,NA,621,""
"376","2016-01-21",1,NA,622,""
"377","2016-01-22",1,NA,623,""
"378","2016-01-23",1,NA,624,""
"379","2016-01-24",1,NA,625,""
"380","2016-01-25",1,NA,626,""
"381","2016-01-26",2,NA,628,""
"382","2016-01-27",1,NA,629,""
"383","2016-01-28",1,NA,630,""
"384","2016-01-29",1,NA,631,""
"385","2016-01-30",4,NA,635,""
"386","2016-01-31",2,NA,637,""
"387","2016-02-01",2,NA,639,""
"388","2016-02-02",3,NA,642,""
"389","2016-02-03",2,NA,644,""
"390","2016-02-04",7,NA,651,""
"391","2016-02-05",3,NA,654,""
"392","2016-02-07",3,NA,657,""
"393","2016-02-08",3,NA,660,""
"394","2016-02-09",4,NA,664,""
"395","2016-02-10",2,NA,666,""
"396","2016-02-11",3,NA,669,""
"397","2016-02-12",3,NA,672,""
"398","2016-02-13",2,NA,674,""
"399","2016-02-15",3,NA,677,""
"400","2016-02-16",2,NA,679,""
"401","2016-02-17",1,NA,680,""
"402","2016-02-18",2,NA,682,""
"403","2016-02-19",2,NA,684,""
"404","2016-02-21",2,NA,686,""
"405","2016-02-22",3,NA,689,""
"406","2016-02-23",2,NA,691,""
"407","2016-02-25",5,NA,696,""
"408","2016-02-27",1,NA,697,""
"409","2016-02-28",3,NA,700,""
"410","2016-02-29",7,NA,707,""
"411","2016-03-02",3,NA,710,""
"412","2016-03-03",2,NA,712,""
"413","2016-03-04",3,NA,715,""
"414","2016-03-05",2,NA,717,""
"415","2016-03-06",1,NA,718,""
"416","2016-03-07",1,NA,719,""
"417","2016-03-08",2,NA,721,""
"418","2016-03-09",3,NA,724,""
"419","2016-03-10",6,NA,730,""
"420","2016-03-11",2,NA,732,""
"421","2016-03-12",6,NA,738,""
"422","2016-03-14",5,NA,743,""
"423","2016-03-15",2,NA,745,""
"424","2016-03-16",2,NA,747,""
"425","2016-03-17",3,NA,750,""
"426","2016-03-18",3,NA,753,""
"427","2016-03-19",3,NA,756,""
"428","2016-03-21",1,NA,757,""
"429","2016-03-22",2,NA,759,""
"430","2016-03-24",1,NA,760,""
"431","2016-03-25",4,NA,764,""
"432","2016-03-26",4,NA,768,""
"433","2016-03-28",1,NA,769,""
"434","2016-03-29",3,NA,772,""
"435","2016-03-30",7,NA,779,""
"436","2016-03-31",2,NA,781,""
"437","2016-04-01",5,NA,786,""
"438","2016-04-03",6,NA,792,""
"439","2016-04-04",4,NA,796,""
"440","2016-04-05",3,NA,799,""
"441","2016-04-06",3,NA,802,""
"442","2016-04-07",4,NA,806,""
"443","2016-04-08",1,NA,807,""
"444","2016-04-09",1,NA,808,""
"445","2016-04-10",5,NA,813,""
"446","2016-04-11",2,NA,815,""
"447","2016-04-12",5,NA,820,""
"448","2016-04-13",3,NA,823,""
"449","2016-04-14",1,NA,824,""
"450","2016-04-16",4,NA,828,""
"451","2016-04-19",7,NA,835,""
"452","2016-04-20",1,NA,836,""
"453","2016-04-21",3,NA,839,""
"454","2016-04-22",4,NA,843,""
"455","2016-04-23",1,NA,844,""
"456","2016-04-24",3,NA,847,""
"457","2016-04-25",2,NA,849,""
"458","2016-04-26",4,NA,853,""
"459","2016-04-27",2,NA,855,""
"460","2016-04-28",1,NA,856,""
"461","2016-04-29",3,NA,859,""
"462","2016-04-30",2,NA,861,""
"463","2016-05-01",4,NA,865,""
"464","2016-05-02",2,NA,867,""
"465","2016-05-03",2,NA,869,""
"466","2016-05-05",1,NA,870,""
"467","2016-05-07",3,NA,873,""
"468","2016-05-08",1,NA,874,""
"469","2016-05-09",2,NA,876,""
"470","2016-05-10",4,NA,880,""
"471","2016-05-11",1,NA,881,""
"472","2016-05-13",4,NA,885,""
"473","2016-05-14",3,NA,888,""
"474","2016-05-15",1,NA,889,""
"475","2016-05-16",2,NA,891,""
"476","2016-05-18",1,NA,892,""
"477","2016-05-19",2,NA,894,""
"478","2016-05-20",3,NA,897,""
"479","2016-05-22",1,NA,898,""
"480","2016-05-23",1,NA,899,""
"481","2016-05-24",3,NA,902,""
"482","2016-05-26",4,NA,906,""
"483","2016-05-27",1,NA,907,""
"484","2016-05-28",1,NA,908,""
"485","2016-05-30",1,NA,909,""
"486","2016-05-31",3,NA,912,""
"487","2016-06-02",2,NA,914,""
"488","2016-06-03",2,NA,916,""
"489","2016-06-04",2,NA,918,""
"490","2016-06-06",8,NA,926,""
"491","2016-06-07",3,NA,929,""
"492","2016-06-08",1,NA,930,""
"493","2016-06-09",4,NA,934,""
"494","2016-06-10",3,NA,937,""
"495","2016-06-11",1,NA,938,""
"496","2016-06-12",1,NA,939,""
"497","2016-06-14",3,NA,942,""
"498","2016-06-15",3,NA,945,""
"499","2016-06-16",2,NA,947,""
"500","2016-06-17",1,NA,948,""
"501","2016-06-21",1,NA,949,""
"502","2016-06-23",7,NA,956,""
"503","2016-06-25",1,NA,957,""
"504","2016-06-26",1,NA,958,""
"505","2016-06-27",3,NA,961,""
"506","2016-06-28",1,NA,962,""
"507","2016-06-29",5,NA,967,""
"508","2016-06-30",1,NA,968,""
"509","2016-07-01",3,NA,971,""
"510","2016-07-02",4,NA,975,""
"511","2016-07-03",1,NA,976,""
"512","2016-07-04",4,NA,980,""
"513","2016-07-06",4,NA,984,""
"514","2016-07-07",4,NA,988,""
"515","2016-07-10",2,NA,990,""
"516","2016-07-11",2,NA,992,""
"517","2016-07-13",1,NA,993,""
"518","2016-07-14",5,NA,998,""
"519","2016-07-15",1,NA,999,""
"520","2016-07-16",1,NA,1000,""
"521","2016-07-17",3,NA,1003,""
"522","2016-07-18",5,NA,1008,""
"523","2016-07-20",3,NA,1011,""
"524","2016-07-21",2,NA,1013,""
"525","2016-07-22",2,NA,1015,""
"526","2016-07-24",5,NA,1020,""
"527","2016-07-25",2,NA,1022,""
"528","2016-07-26",3,NA,1025,""
"529","2016-07-27",5,NA,1030,""
"530","2016-07-28",3,NA,1033,""
"531","2016-07-29",3,NA,1036,""
"532","2016-07-30",1,NA,1037,""
"533","2016-07-31",1,NA,1038,""
"534","2016-08-01",4,NA,1042,""
"535","2016-08-02",2,NA,1044,""
"536","2016-08-03",3,NA,1047,""
"537","2016-08-04",7,NA,1054,""
"538","2016-08-07",1,NA,1055,""
"539","2016-08-08",1,NA,1056,""
"540","2016-08-09",3,NA,1059,""
"541","2016-08-10",1,NA,1060,""
"542","2016-08-11",2,NA,1062,""
"543","2016-08-12",3,NA,1065,""
"544","2016-08-13",3,NA,1068,""
"545","2016-08-15",2,NA,1070,""
"546","2016-08-17",4,NA,1074,""
"547","2016-08-19",1,NA,1075,""
"548","2016-08-20",4,NA,1079,""
"549","2016-08-21",2,NA,1081,""
"550","2016-08-22",3,NA,1084,""
"551","2016-08-23",1,NA,1085,""
"552","2016-08-24",1,NA,1086,""
"553","2016-08-25",2,NA,1088,""
"554","2016-08-26",5,NA,1093,""
"555","2016-08-27",2,NA,1095,""
"556","2016-08-28",4,NA,1099,""
"557","2016-08-29",4,NA,1103,""
"558","2016-08-30",5,NA,1108,""
"559","2016-08-31",5,NA,1113,""
"560","2016-09-01",1,NA,1114,""
"561","2016-09-02",1,NA,1115,""
"562","2016-09-03",4,NA,1119,""
"563","2016-09-05",1,NA,1120,""
"564","2016-09-06",4,NA,1124,""
"565","2016-09-07",1,NA,1125,""
"566","2016-09-08",2,NA,1127,""
"567","2016-09-09",3,NA,1130,""
"568","2016-09-10",2,NA,1132,""
"569","2016-09-11",2,NA,1134,""
"570","2016-09-12",6,NA,1140,""
"571","2016-09-13",5,NA,1145,""
"572","2016-09-14",6,NA,1151,""
"573","2016-09-15",4,NA,1155,""
"574","2016-09-16",5,NA,1160,""
"575","2016-09-17",3,NA,1163,""
"576","2016-09-19",3,NA,1166,""
"577","2016-09-20",3,NA,1169,""
"578","2016-09-21",3,NA,1172,""
"579","2016-09-22",9,NA,1181,""
"580","2016-09-23",3,NA,1184,""
"581","2016-09-24",2,NA,1186,""
"582","2016-09-25",1,NA,1187,""
"583","2016-09-26",5,NA,1192,""
"584","2016-09-27",1,NA,1193,""
"585","2016-09-28",3,NA,1196,""
"586","2016-09-29",2,NA,1198,""
"587","2016-10-01",4,NA,1202,""
"588","2016-10-03",1,NA,1203,""
"589","2016-10-05",2,NA,1205,""
"590","2016-10-06",1,NA,1206,""
"591","2016-10-07",1,NA,1207,""
"592","2016-10-08",2,NA,1209,""
"593","2016-10-09",2,NA,1211,""
"594","2016-10-11",1,NA,1212,""
"595","2016-10-13",4,NA,1216,""
"596","2016-10-14",3,NA,1219,""
"597","2016-10-15",4,NA,1223,""
"598","2016-10-16",3,NA,1226,""
"599","2016-10-17",1,NA,1227,""
"600","2016-10-18",2,NA,1229,""
"601","2016-10-19",2,NA,1231,""
"602","2016-10-20",4,NA,1235,""
"603","2016-10-21",1,NA,1236,""
"604","2016-10-23",2,NA,1238,""
"605","2016-10-25",6,NA,1244,""
"606","2016-10-26",1,NA,1245,""
"607","2016-10-27",2,NA,1247,""
"608","2016-10-28",2,NA,1249,""
"609","2016-10-29",6,NA,1255,""
"610","2016-10-30",5,NA,1260,""
"611","2016-10-31",2,NA,1262,""
"612","2016-11-01",1,NA,1263,""
"613","2016-11-02",1,NA,1264,""
"614","2016-11-03",2,NA,1266,""
"615","2016-11-04",1,NA,1267,""
"616","2016-11-05",1,NA,1268,""
"617","2016-11-07",3,NA,1271,""
"618","2016-11-08",4,NA,1275,""
"619","2016-11-10",3,NA,1278,""
"620","2016-11-11",1,NA,1279,""
"621","2016-11-12",9,NA,1288,""
"622","2016-11-13",1,NA,1289,""
"623","2016-11-15",3,NA,1292,""
"624","2016-11-16",1,NA,1293,""
"625","2016-11-17",4,NA,1297,""
"626","2016-11-20",1,NA,1298,""
"627","2016-11-22",2,NA,1300,""
"628","2016-11-23",7,NA,1307,""
"629","2016-11-24",2,NA,1309,""
"630","2016-11-25",2,NA,1311,""
"631","2016-11-26",1,NA,1312,""
"632","2016-11-27",3,NA,1315,""
"633","2016-11-28",4,NA,1319,""
"634","2016-11-29",4,NA,1323,""
"635","2016-11-30",2,NA,1325,""
"636","2016-12-01",3,NA,1328,""
"637","2016-12-03",1,NA,1329,""
"638","2016-12-04",3,NA,1332,""
"639","2016-12-05",11,NA,1343,""
"640","2016-12-06",2,NA,1345,""
"641","2016-12-07",2,NA,1347,""
"642","2016-12-08",1,NA,1348,""
"643","2016-12-09",5,NA,1353,""
"644","2016-12-10",1,NA,1354,""
"645","2016-12-11",2,NA,1356,""
"646","2016-12-12",1,NA,1357,""
"647","2016-12-13",3,NA,1360,""
"648","2016-12-14",1,NA,1361,""
"649","2016-12-15",3,NA,1364,""
"650","2016-12-16",4,NA,1368,""
"651","2016-12-17",5,NA,1373,""
"652","2016-12-18",1,NA,1374,""
"653","2016-12-19",1,NA,1375,""
"654","2016-12-20",3,NA,1378,""
"655","2016-12-21",3,NA,1381,""
"656","2016-12-22",1,NA,1382,""
"657","2016-12-23",2,NA,1384,""
"658","2016-12-24",2,NA,1386,""
"659","2016-12-26",2,NA,1388,""
"660","2016-12-27",4,NA,1392,""
"661","2016-12-28",1,NA,1393,""
"662","2016-12-29",1,NA,1394,""
"663","2016-12-30",5,NA,1399,""
"664","2016-12-31",4,NA,1403,""
"665","2017-01-03",4,NA,1407,""
"666","2017-01-04",7,NA,1414,""
"667","2017-01-05",5,NA,1419,""
"668","2017-01-06",3,NA,1422,""
"669","2017-01-07",3,NA,1425,""
"670","2017-01-08",1,NA,1426,""
"671","2017-01-09",2,NA,1428,""
"672","2017-01-11",3,NA,1431,""
"673","2017-01-12",2,NA,1433,""
"674","2017-01-13",4,NA,1437,""
"675","2017-01-14",3,NA,1440,""
"676","2017-01-15",2,NA,1442,""
"677","2017-01-16",2,NA,1444,""
"678","2017-01-17",1,NA,1445,""
"679","2017-01-20",1,NA,1446,""
"680","2017-01-21",1,NA,1447,""
"681","2017-01-22",5,NA,1452,""
"682","2017-01-23",2,NA,1454,""
"683","2017-01-24",3,NA,1457,""
"684","2017-01-26",4,NA,1461,""
"685","2017-01-27",2,NA,1463,""
"686","2017-01-28",4,NA,1467,""
"687","2017-01-29",2,NA,1469,""
"688","2017-01-30",3,NA,1472,""
"689","2017-01-31",3,NA,1475,""
"690","2017-02-01",6,NA,1481,""
"691","2017-02-02",1,NA,1482,""
"692","2017-02-03",1,NA,1483,""
"693","2017-02-04",1,NA,1484,""
"694","2017-02-05",3,NA,1487,""
"695","2017-02-06",5,NA,1492,""
"696","2017-02-08",2,NA,1494,""
"697","2017-02-09",1,NA,1495,""
"698","2017-02-12",1,NA,1496,""
"699","2017-02-13",1,NA,1497,""
"700","2017-02-14",1,NA,1498,""
"701","2017-02-15",2,NA,1500,""
"702","2017-02-16",4,NA,1504,""
"703","2017-02-17",4,NA,1508,""
"704","2017-02-20",8,NA,1516,""
"705","2017-02-21",4,NA,1520,""
"706","2017-02-22",6,NA,1526,""
"707","2017-02-23",4,NA,1530,""
"708","2017-02-24",5,NA,1535,""
"709","2017-02-25",2,NA,1537,""
"710","2017-02-26",2,NA,1539,""
"711","2017-02-27",5,NA,1544,""
"712","2017-02-28",4,NA,1548,""
"713","2017-03-01",1,NA,1549,""
"714","2017-03-02",6,NA,1555,""
"715","2017-03-03",3,NA,1558,""
"716","2017-03-04",1,NA,1559,""
"717","2017-03-05",1,NA,1560,""
"718","2017-03-06",3,NA,1563,""
"719","2017-03-07",4,NA,1567,""
"720","2017-03-08",7,NA,1574,""
"721","2017-03-09",6,NA,1580,""
"722","2017-03-10",2,NA,1582,""
"723","2017-03-12",1,NA,1583,""
"724","2017-03-13",2,NA,1585,""
"725","2017-03-14",3,NA,1588,""
"726","2017-03-16",2,NA,1590,""
"727","2017-03-17",1,NA,1591,""
"728","2017-03-18",3,NA,1594,""
"729","2017-03-19",1,NA,1595,""
"730","2017-03-20",4,NA,1599,""
"731","2017-03-21",6,NA,1605,""
"732","2017-03-22",3,NA,1608,""
"733","2017-03-23",1,NA,1609,""
"734","2017-03-24",4,NA,1613,""
"735","2017-03-25",1,NA,1614,""
"736","2017-03-26",4,NA,1618,""
"737","2017-03-27",3,NA,1621,""
"738","2017-03-28",1,NA,1622,""
"739","2017-03-29",4,NA,1626,""
"740","2017-03-30",1,NA,1627,""
"741","2017-03-31",2,NA,1629,""
"742","2017-04-01",2,NA,1631,""
"743","2017-04-02",1,NA,1632,""
"744","2017-04-03",8,NA,1640,""
"745","2017-04-04",4,NA,1644,""
"746","2017-04-05",2,NA,1646,""
"747","2017-04-06",3,NA,1649,""
"748","2017-04-07",4,NA,1653,""
"749","2017-04-09",3,NA,1656,""
"750","2017-04-10",3,NA,1659,""
"751","2017-04-11",1,NA,1660,""
"752","2017-04-12",6,NA,1666,""
"753","2017-04-13",3,NA,1669,""
"754","2017-04-14",3,NA,1672,""
"755","2017-04-15",2,NA,1674,""
"756","2017-04-16",2,NA,1676,""
"757","2017-04-17",1,NA,1677,""
"758","2017-04-18",4,NA,1681,""
"759","2017-04-19",3,NA,1684,""
"760","2017-04-20",1,NA,1685,""
"761","2017-04-21",5,NA,1690,""
"762","2017-04-24",4,NA,1694,""
"763","2017-04-25",5,NA,1699,""
"764","2017-04-26",3,NA,1702,""
"765","2017-04-27",2,NA,1704,""
"766","2017-04-28",2,NA,1706,""
"767","2017-04-29",1,NA,1707,""
"768","2017-04-30",3,NA,1710,""
"769","2017-05-01",7,NA,1717,""
"770","2017-05-02",3,NA,1720,""
"771","2017-05-03",2,NA,1722,""
"772","2017-05-04",4,NA,1726,""
"773","2017-05-05",2,NA,1728,""
"774","2017-05-06",2,NA,1730,""
"775","2017-05-07",3,NA,1733,""
"776","2017-05-08",3,NA,1736,""
"777","2017-05-09",4,NA,1740,""
"778","2017-05-10",4,NA,1744,""
"779","2017-05-11",2,NA,1746,""
"780","2017-05-12",7,NA,1753,""
"781","2017-05-14",1,NA,1754,""
"782","2017-05-15",3,NA,1757,""
"783","2017-05-18",5,NA,1762,""
"784","2017-05-19",5,NA,1767,""
"785","2017-05-21",1,NA,1768,""
"786","2017-05-23",4,NA,1772,""
"787","2017-05-24",1,NA,1773,""
"788","2017-05-25",2,NA,1775,""
"789","2017-05-26",4,NA,1779,""
"790","2017-05-27",2,NA,1781,""
"791","2017-05-28",1,NA,1782,""
"792","2017-05-29",5,NA,1787,""
"793","2017-05-30",3,NA,1790,""
"794","2017-05-31",5,NA,1795,""
"795","2017-06-02",4,NA,1799,""
"796","2017-06-03",3,NA,1802,""
"797","2017-06-05",2,NA,1804,""
"798","2017-06-06",7,NA,1811,""
"799","2017-06-07",3,NA,1814,""
"800","2017-06-08",4,NA,1818,""
"801","2017-06-10",3,NA,1821,""
"802","2017-06-11",2,NA,1823,""
"803","2017-06-12",2,NA,1825,""
"804","2017-06-14",1,NA,1826,""
"805","2017-06-15",3,NA,1829,""
"806","2017-06-16",1,NA,1830,""
"807","2017-06-17",1,NA,1831,""
"808","2017-06-18",1,NA,1832,""
"809","2017-06-19",2,NA,1834,""
"810","2017-06-20",2,NA,1836,""
"811","2017-06-21",1,NA,1837,""
"812","2017-06-22",1,NA,1838,""
"813","2017-06-23",4,NA,1842,""
"814","2017-06-24",1,NA,1843,""
"815","2017-06-25",2,NA,1845,""
"816","2017-06-26",4,NA,1849,""
"817","2017-06-27",3,NA,1852,""
"818","2017-06-28",3,NA,1855,""
"819","2017-06-29",4,NA,1859,""
"820","2017-06-30",2,NA,1861,""
"821","2017-07-01",3,NA,1864,""
"822","2017-07-02",4,NA,1868,""
"823","2017-07-03",1,NA,1869,""
"824","2017-07-04",6,NA,1875,""
"825","2017-07-05",7,NA,1882,""
"826","2017-07-06",3,NA,1885,""
"827","2017-07-07",1,NA,1886,""
"828","2017-07-08",3,NA,1889,""
"829","2017-07-09",2,NA,1891,""
"830","2017-07-10",5,NA,1896,""
"831","2017-07-11",2,NA,1898,""
"832","2017-07-12",1,NA,1899,""
"833","2017-07-13",1,NA,1900,""
"834","2017-07-14",1,NA,1901,""
"835","2017-07-15",5,NA,1906,""
"836","2017-07-16",1,NA,1907,""
"837","2017-07-17",2,NA,1909,""
"838","2017-07-18",2,NA,1911,""
"839","2017-07-19",4,NA,1915,""
"840","2017-07-20",1,NA,1916,""
"841","2017-07-21",2,NA,1918,""
"842","2017-07-22",1,NA,1919,""
"843","2017-07-23",2,NA,1921,""
"844","2017-07-24",3,NA,1924,""
"845","2017-07-25",7,NA,1931,""
"846","2017-07-26",3,NA,1934,""
"847","2017-07-27",1,NA,1935,""
"848","2017-07-28",2,NA,1937,""
"849","2017-07-29",3,NA,1940,""
"850","2017-07-30",1,NA,1941,""
"851","2017-07-31",2,NA,1943,""
"852","2017-08-01",3,NA,1946,""
"853","2017-08-02",3,NA,1949,""
"854","2017-08-03",3,NA,1952,""
"855","2017-08-04",2,NA,1954,""
"856","2017-08-05",4,NA,1958,""
"857","2017-08-07",4,NA,1962,""
"858","2017-08-08",3,NA,1965,""
"859","2017-08-09",3,NA,1968,""
"860","2017-08-10",1,NA,1969,""
"861","2017-08-11",1,NA,1970,""
"862","2017-08-12",2,NA,1972,""
"863","2017-08-13",1,NA,1973,""
"864","2017-08-14",2,NA,1975,""
"865","2017-08-15",4,NA,1979,""
"866","2017-08-17",1,NA,1980,""
"867","2017-08-18",2,NA,1982,""
"868","2017-08-19",2,NA,1984,""
"869","2017-08-20",1,NA,1985,""
"870","2017-08-21",2,NA,1987,""
"871","2017-08-22",3,NA,1990,""
"872","2017-08-23",4,NA,1994,""
"873","2017-08-24",4,NA,1998,""
"874","2017-08-25",1,NA,1999,""
"875","2017-08-28",3,NA,2002,""
"876","2017-08-29",6,NA,2008,""
"877","2017-08-30",1,NA,2009,""
"878","2017-08-31",1,NA,2010,""
"879","2017-09-01",3,NA,2013,""
"880","2017-09-02",2,NA,2015,""
"881","2017-09-03",2,NA,2017,""
"882","2017-09-04",4,NA,2021,""
"883","2017-09-05",3,NA,2024,""
"884","2017-09-06",3,NA,2027,""
"885","2017-09-07",5,NA,2032,""
"886","2017-09-09",1,NA,2033,""
"887","2017-09-10",1,NA,2034,""
"888","2017-09-11",5,NA,2039,""
"889","2017-09-12",4,NA,2043,""
"890","2017-09-13",2,NA,2045,""
"891","2017-09-15",4,NA,2049,""
"892","2017-09-16",2,NA,2051,""
"893","2017-09-17",1,NA,2052,""
"894","2017-09-18",2,NA,2054,""
"895","2017-09-19",9,NA,2063,""
"896","2017-09-20",3,NA,2066,""
"897","2017-09-21",2,NA,2068,""
"898","2017-09-22",5,NA,2073,""
"899","2017-09-25",2,NA,2075,""
"900","2017-09-27",3,NA,2078,""
"901","2017-09-28",4,NA,2082,""
"902","2017-09-29",2,NA,2084,""
"903","2017-09-30",2,NA,2086,""
"904","2017-10-02",9,NA,2095,""
"905","2017-10-03",1,NA,2096,""
"906","2017-10-04",5,NA,2101,""
"907","2017-10-05",2,NA,2103,""
"908","2017-10-06",4,NA,2107,""
"909","2017-10-07",1,NA,2108,""
"910","2017-10-09",2,NA,2110,""
"911","2017-10-10",4,NA,2114,""
"912","2017-10-11",4,NA,2118,""
"913","2017-10-12",2,NA,2120,""
"914","2017-10-13",1,NA,2121,""
"915","2017-10-14",2,NA,2123,""
"916","2017-10-16",4,NA,2127,""
"917","2017-10-17",3,NA,2130,""
"918","2017-10-18",3,NA,2133,""
"919","2017-10-19",2,NA,2135,""
"920","2017-10-20",5,NA,2140,""
"921","2017-10-22",4,NA,2144,""
"922","2017-10-23",3,NA,2147,""
"923","2017-10-24",4,NA,2151,""
"924","2017-10-25",2,NA,2153,""
"925","2017-10-26",1,NA,2154,""
"926","2017-10-27",2,NA,2156,""
"927","2017-10-28",1,NA,2157,""
"928","2017-10-29",1,NA,2158,""
"929","2017-10-30",4,NA,2162,""
"930","2017-10-31",2,NA,2164,""
"931","2017-11-01",2,NA,2166,""
"932","2017-11-02",3,NA,2169,""
"933","2017-11-03",2,NA,2171,""
"934","2017-11-05",2,NA,2173,""
"935","2017-11-06",2,NA,2175,""
"936","2017-11-07",2,NA,2177,""
"937","2017-11-08",4,NA,2181,""
"938","2017-11-09",2,NA,2183,""
"939","2017-11-10",5,NA,2188,""
"940","2017-11-12",4,NA,2192,""
"941","2017-11-13",3,NA,2195,""
"942","2017-11-14",5,NA,2200,""
"943","2017-11-15",5,NA,2205,""
"944","2017-11-16",6,NA,2211,""
"945","2017-11-17",7,NA,2218,""
"946","2017-11-18",1,NA,2219,""
"947","2017-11-20",1,NA,2220,""
"948","2017-11-21",3,NA,2223,""
"949","2017-11-22",3,NA,2226,""
"950","2017-11-23",4,NA,2230,""
"951","2017-11-24",3,NA,2233,""
"952","2017-11-26",1,NA,2234,""
"953","2017-11-27",2,NA,2236,""
"954","2017-11-28",2,NA,2238,""
"955","2017-11-29",1,NA,2239,""
"956","2017-12-01",2,NA,2241,""
"957","2017-12-02",1,NA,2242,""
"958","2017-12-04",6,NA,2248,""
"959","2017-12-05",4,NA,2252,""
"960","2017-12-06",7,NA,2259,""
"961","2017-12-07",2,NA,2261,""
"962","2017-12-08",2,NA,2263,""
"963","2017-12-10",4,NA,2267,""
"964","2017-12-11",1,NA,2268,""
"965","2017-12-12",2,NA,2270,""
"966","2017-12-14",4,NA,2274,""
"967","2017-12-15",2,NA,2276,""
"968","2017-12-16",1,NA,2277,""
"969","2017-12-17",4,NA,2281,""
"970","2017-12-18",3,NA,2284,""
"971","2017-12-19",2,NA,2286,""
"972","2017-12-20",6,NA,2292,""
"973","2017-12-21",6,NA,2298,""
"974","2017-12-22",2,NA,2300,""
"975","2017-12-23",1,NA,2301,""
"976","2018-01-03",6,NA,2307,""
"977","2018-01-04",4,NA,2311,""
"978","2018-01-05",8,NA,2319,""
"979","2018-01-06",1,NA,2320,""
"980","2018-01-07",3,NA,2323,""
"981","2018-01-08",3,NA,2326,""
"982","2018-01-09",4,NA,2330,""
"983","2018-01-10",6,NA,2336,""
"984","2018-01-11",3,NA,2339,""
"985","2018-01-13",1,NA,2340,""
"986","2018-01-14",3,NA,2343,""
"987","2018-01-15",1,NA,2344,""
"988","2018-01-16",3,NA,2347,""
"989","2018-01-17",2,NA,2349,""
"990","2018-01-18",3,NA,2352,""
"991","2018-01-19",3,NA,2355,""
"992","2018-01-20",1,NA,2356,""
"993","2018-01-21",4,NA,2360,""
"994","2018-01-22",2,NA,2362,""
"995","2018-01-23",4,NA,2366,""
"996","2018-01-24",5,NA,2371,""
"997","2018-01-25",7,NA,2378,""
"998","2018-01-26",5,NA,2383,""
"999","2018-01-27",1,NA,2384,""
"1000","2018-01-28",3,NA,2387,""
"1001","2018-01-29",4,NA,2391,""
"1002","2018-01-30",8,NA,2399,""
"1003","2018-01-31",3,NA,2402,""
"1004","2018-02-01",2,NA,2404,""
"1005","2018-02-02",3,NA,2407,""
"1006","2018-02-03",1,NA,2408,""
"1007","2018-02-04",3,NA,2411,""
"1008","2018-02-05",4,NA,2415,""
"1009","2018-02-06",5,NA,2420,""
"1010","2018-02-07",1,NA,2421,""
"1011","2018-02-08",2,NA,2423,""
"1012","2018-02-09",3,NA,2426,""
"1013","2018-02-11",1,NA,2427,""
"1014","2018-02-12",5,NA,2432,""
"1015","2018-02-13",5,NA,2437,""
"1016","2018-02-14",4,NA,2441,""
"1017","2018-02-15",3,NA,2444,""
"1018","2018-02-16",3,NA,2447,""
"1019","2018-02-18",4,NA,2451,""
"1020","2018-02-19",3,NA,2454,""
"1021","2018-02-20",6,NA,2460,""
"1022","2018-02-21",4,NA,2464,""
"1023","2018-02-22",4,NA,2468,""
"1024","2018-02-23",4,NA,2472,""
"1025","2018-02-25",2,NA,2474,""
"1026","2018-02-26",4,NA,2478,""
"1027","2018-02-27",5,NA,2483,""
"1028","2018-03-01",2,NA,2485,""
"1029","2018-03-02",2,NA,2487,""
"1030","2018-03-03",3,NA,2490,""
"1031","2018-03-05",7,NA,2497,""
"1032","2018-03-06",3,NA,2500,""
"1033","2018-03-07",2,NA,2502,""
"1034","2018-03-08",1,NA,2503,""
"1035","2018-03-09",5,NA,2508,""
"1036","2018-03-10",3,NA,2511,""
"1037","2018-03-11",1,NA,2512,""
"1038","2018-03-12",1,NA,2513,""
"1039","2018-03-13",8,NA,2521,""
"1040","2018-03-14",9,NA,2530,""
"1041","2018-03-15",2,NA,2532,""
"1042","2018-03-16",8,NA,2540,""
"1043","2018-03-17",4,NA,2544,""
"1044","2018-03-18",9,NA,2553,""
"1045","2018-03-19",6,NA,2559,""
"1046","2018-03-20",8,NA,2567,""
"1047","2018-03-21",7,NA,2574,""
"1048","2018-03-22",8,NA,2582,""
"1049","2018-03-23",3,NA,2585,""
"1050","2018-03-25",2,NA,2587,""
"1051","2018-03-26",3,NA,2590,""
"1052","2018-03-27",5,NA,2595,""
"1053","2018-03-28",1,NA,2596,""
"1054","2018-03-29",1,NA,2597,""
"1055","2018-03-30",3,NA,2600,""
"1056","2018-04-01",4,NA,2604,""
"1057","2018-04-02",1,NA,2605,""
"1058","2018-04-03",1,NA,2606,""
"1059","2018-04-04",1,NA,2607,""
"1060","2018-04-05",6,NA,2613,""
"1061","2018-04-06",11,NA,2624,""
"1062","2018-04-08",2,NA,2626,""
"1063","2018-04-09",6,NA,2632,""
"1064","2018-04-10",8,NA,2640,""
"1065","2018-04-11",5,NA,2645,""
"1066","2018-04-12",6,NA,2651,""
"1067","2018-04-13",4,NA,2655,""
"1068","2018-04-16",13,NA,2668,""
"1069","2018-04-17",1,NA,2669,""
"1070","2018-04-18",3,NA,2672,""
"1071","2018-04-19",3,NA,2675,""
"1072","2018-04-20",15,NA,2690,""
"1073","2018-04-21",2,NA,2692,""
"1074","2018-04-22",1,NA,2693,""
"1075","2018-04-23",4,NA,2697,""
"1076","2018-04-24",5,NA,2702,""
"1077","2018-04-25",6,NA,2708,""
"1078","2018-04-26",2,NA,2710,""
"1079","2018-04-27",2,NA,2712,""
"1080","2018-04-28",1,NA,2713,""
"1081","2018-04-29",1,NA,2714,""
"1082","2018-04-30",1,NA,2715,""
"1083","2018-05-01",4,NA,2719,""
"1084","2018-05-02",4,NA,2723,""
"1085","2018-05-03",2,NA,2725,""
"1086","2018-05-04",6,NA,2731,""
"1087","2018-05-05",3,NA,2734,""
"1088","2018-05-06",5,NA,2739,""
"1089","2018-05-07",2,NA,2741,""
"1090","2018-05-08",6,NA,2747,""
"1091","2018-05-09",1,NA,2748,""
"1092","2018-05-10",8,NA,2756,""
"1093","2018-05-11",5,NA,2761,""
"1094","2018-05-12",2,NA,2763,""
"1095","2018-05-13",6,NA,2769,""
"1096","2018-05-14",7,NA,2776,""
"1097","2018-05-15",6,NA,2782,""
"1098","2018-05-16",9,NA,2791,""
"1099","2018-05-17",11,NA,2802,""
"1100","2018-05-18",13,NA,2815,""
"1101","2018-05-19",4,NA,2819,""
"1102","2018-05-20",3,NA,2822,""
"1103","2018-05-21",6,NA,2828,""
"1104","2018-05-22",11,NA,2839,""
"1105","2018-05-23",3,NA,2842,""
"1106","2018-05-24",10,NA,2852,""
"1107","2018-05-25",6,NA,2858,""
"1108","2018-05-26",5,NA,2863,""
"1109","2018-05-27",2,NA,2865,""
"1110","2018-05-28",3,NA,2868,""
"1111","2018-05-29",10,NA,2878,""
"1112","2018-05-30",7,NA,2885,""
"1113","2018-05-31",2,NA,2887,""
"1114","2018-06-01",1,NA,2888,""
"1115","2018-06-02",2,NA,2890,""
"1116","2018-06-03",3,NA,2893,""
"1117","2018-06-04",7,NA,2900,""
"1118","2018-06-05",6,NA,2906,""
"1119","2018-06-06",4,NA,2910,""
"1120","2018-06-07",6,NA,2916,""
"1121","2018-06-09",1,NA,2917,""
"1122","2018-06-10",2,NA,2919,""
"1123","2018-06-11",2,NA,2921,""
"1124","2018-06-12",8,NA,2929,""
"1125","2018-06-13",7,NA,2936,""
"1126","2018-06-14",4,NA,2940,""
"1127","2018-06-15",7,NA,2947,""
"1128","2018-06-16",1,NA,2948,""
"1129","2018-06-17",3,NA,2951,""
"1130","2018-06-18",7,NA,2958,""
"1131","2018-06-19",9,NA,2967,""
"1132","2018-06-21",1,NA,2968,""
"1133","2018-06-22",2,NA,2970,""
"1134","2018-06-24",4,NA,2974,""
"1135","2018-06-25",5,NA,2979,""
"1136","2018-06-26",7,NA,2986,""
"1137","2018-06-27",6,NA,2992,""
"1138","2018-06-28",4,NA,2996,""
"1139","2018-06-29",6,NA,3002,""
"1140","2018-07-01",7,NA,3009,""
"1141","2018-07-02",4,NA,3013,""
"1142","2018-07-03",1,NA,3014,""
"1143","2018-07-04",4,NA,3018,""
"1144","2018-07-05",8,NA,3026,""
"1145","2018-07-06",1,NA,3027,""
"1146","2018-07-07",2,NA,3029,""
"1147","2018-07-08",1,NA,3030,""
"1148","2018-07-09",2,NA,3032,""
"1149","2018-07-10",5,NA,3037,""
"1150","2018-07-11",5,NA,3042,""
"1151","2018-07-12",3,NA,3045,""
"1152","2018-07-13",4,NA,3049,""
"1153","2018-07-15",2,NA,3051,""
"1154","2018-07-16",1,NA,3052,""
"1155","2018-07-17",5,NA,3057,""
"1156","2018-07-18",10,NA,3067,""
"1157","2018-07-19",3,NA,3070,""
"1158","2018-07-20",2,NA,3072,""
"1159","2018-07-22",1,NA,3073,""
"1160","2018-07-23",1,NA,3074,""
"1161","2018-07-24",1,NA,3075,""
"1162","2018-07-26",5,NA,3080,""
"1163","2018-07-27",4,NA,3084,""
"1164","2018-07-28",3,NA,3087,""
"1165","2018-07-29",1,NA,3088,""
"1166","2018-07-30",11,NA,3099,""
"1167","2018-07-31",5,NA,3104,""
"1168","2018-08-01",6,NA,3110,""
"1169","2018-08-02",8,NA,3118,""
"1170","2018-08-03",4,NA,3122,""
"1171","2018-08-04",1,NA,3123,""
"1172","2018-08-06",2,NA,3125,""
"1173","2018-08-07",5,NA,3130,""
"1174","2018-08-08",3,NA,3133,""
"1175","2018-08-09",2,NA,3135,""
"1176","2018-08-10",3,NA,3138,""
"1177","2018-08-11",3,NA,3141,""
"1178","2018-08-12",1,NA,3142,""
"1179","2018-08-13",10,NA,3152,""
"1180","2018-08-14",4,NA,3156,""
"1181","2018-08-15",3,NA,3159,""
"1182","2018-08-16",7,NA,3166,""
"1183","2018-08-17",6,NA,3172,""
"1184","2018-08-18",3,NA,3175,""
"1185","2018-08-19",1,NA,3176,""
"1186","2018-08-20",5,NA,3181,""
"1187","2018-08-21",2,NA,3183,""
"1188","2018-08-22",4,NA,3187,""
"1189","2018-08-23",6,NA,3193,""
"1190","2018-08-24",12,NA,3205,""
"1191","2018-08-25",2,NA,3207,""
"1192","2018-08-26",2,NA,3209,""
"1193","2018-08-27",1,NA,3210,""
"1194","2018-08-28",3,NA,3213,""
"1195","2018-08-29",4,NA,3217,""
"1196","2018-08-30",6,NA,3223,""
"1197","2018-08-31",11,NA,3234,""
"1198","2018-09-03",5,NA,3239,""
"1199","2018-09-05",1,NA,3240,""
"1200","2018-09-10",4,NA,3244,""
"1201","2018-09-12",1,NA,3245,""
"1202","2018-09-13",7,NA,3252,""
"1203","2018-09-14",3,NA,3255,""
"1204","2018-09-15",1,NA,3256,""
"1205","2018-09-16",2,NA,3258,""
"1206","2018-09-17",2,NA,3260,""
"1207","2018-09-18",2,NA,3262,""
"1208","2018-09-19",2,NA,3264,""
"1209","2018-09-20",4,NA,3268,""
"1210","2018-09-21",4,NA,3272,""
"1211","2018-09-22",1,NA,3273,""
"1212","2018-09-23",2,NA,3275,""
"1213","2018-09-24",5,NA,3280,""
"1214","2018-09-25",1,NA,3281,""
"1215","2018-09-26",3,NA,3284,""
"1216","2018-09-27",3,NA,3287,""
"1217","2018-09-28",6,NA,3293,""
"1218","2018-09-29",2,NA,3295,""
"1219","2018-09-30",6,NA,3301,""
"1220","2018-10-01",4,NA,3305,""
"1221","2018-10-02",4,NA,3309,""
"1222","2018-10-03",2,NA,3311,""
"1223","2018-10-04",2,NA,3313,""
"1224","2018-10-05",4,NA,3317,""
"1225","2018-10-06",7,NA,3324,""
"1226","2018-10-07",2,NA,3326,""
"1227","2018-10-08",4,NA,3330,""
"1228","2018-10-09",1,NA,3331,""
"1229","2018-10-10",1,NA,3332,""
"1230","2018-10-11",3,NA,3335,""
"1231","2018-10-12",8,NA,3343,""
"1232","2018-10-14",2,NA,3345,""
"1233","2018-10-15",3,NA,3348,""
"1234","2018-10-16",3,NA,3351,""
"1235","2018-10-17",2,NA,3353,""
"1236","2018-10-18",5,NA,3358,""
"1237","2018-10-19",7,NA,3365,""
"1238","2018-10-20",1,NA,3366,""
"1239","2018-10-21",4,NA,3370,""
"1240","2018-10-22",1,NA,3371,""
"1241","2018-10-23",2,NA,3373,""
"1242","2018-10-24",5,NA,3378,""
"1243","2018-10-25",5,NA,3383,""
"1244","2018-10-26",10,NA,3393,""
"1245","2018-10-27",2,NA,3395,""
"1246","2018-10-28",7,NA,3402,""
"1247","2018-10-29",3,NA,3405,""
"1248","2018-10-30",10,NA,3415,""
"1249","2018-10-31",2,NA,3417,""
"1250","2018-11-01",1,NA,3418,""
"1251","2018-11-02",7,NA,3425,""
"1252","2018-11-03",1,NA,3426,""
"1253","2018-11-04",4,NA,3430,""
"1254","2018-11-05",6,NA,3436,""
"1255","2018-11-06",2,NA,3438,""
"1256","2018-11-07",1,NA,3439,""
"1257","2018-11-09",3,NA,3442,""
"1258","2018-11-10",1,NA,3443,""
"1259","2018-11-11",3,NA,3446,""
"1260","2018-11-12",1,NA,3447,""
"1261","2018-11-13",2,NA,3449,""
"1262","2018-11-14",15,NA,3464,""
"1263","2018-11-15",5,NA,3469,""
"1264","2018-11-16",5,NA,3474,""
"1265","2018-11-17",2,NA,3476,""
"1266","2018-11-18",3,NA,3479,""
"1267","2018-11-19",7,NA,3486,""
"1268","2018-11-20",4,NA,3490,""
"1269","2018-11-21",3,NA,3493,""
"1270","2018-11-22",2,NA,3495,""
"1271","2018-11-23",1,NA,3496,""
"1272","2018-11-24",1,NA,3497,""
"1273","2018-11-25",1,NA,3498,""
"1274","2018-11-26",9,NA,3507,""
"1275","2018-11-27",5,NA,3512,""
"1276","2018-11-28",2,NA,3514,""
"1277","2018-11-29",7,NA,3521,""
"1278","2018-11-30",4,NA,3525,""
"1279","2018-12-01",5,NA,3530,""
"1280","2018-12-02",6,NA,3536,""
"1281","2018-12-03",7,NA,3543,""
"1282","2018-12-04",3,NA,3546,""
"1283","2018-12-05",3,NA,3549,""
"1284","2018-12-06",3,NA,3552,""
"1285","2018-12-07",1,NA,3553,""
"1286","2018-12-09",4,NA,3557,""
"1287","2018-12-11",1,NA,3558,""
"1288","2018-12-12",3,NA,3561,""
"1289","2018-12-13",5,NA,3566,""
"1290","2018-12-14",1,NA,3567,""
"1291","2018-12-15",3,NA,3570,""
"1292","2018-12-16",1,NA,3571,""
"1293","2018-12-17",1,NA,3572,""
"1294","2018-12-18",8,NA,3580,""
"1295","2018-12-19",1,NA,3581,""
"1296","2018-12-21",5,NA,3586,""
"1297","2018-12-22",1,NA,3587,""
"1298","2018-12-25",3,NA,3590,""
"1299","2018-12-30",1,NA,3591,""
"1300","2018-12-31",1,NA,3592,""
"1301","2019-01-02",3,NA,3595,""
"1302","2019-01-03",4,NA,3599,""
"1303","2019-01-04",11,NA,3610,""
"1304","2019-01-05",3,NA,3613,""
"1305","2019-01-06",1,NA,3614,""
"1306","2019-01-07",10,NA,3624,""
"1307","2019-01-08",6,NA,3630,""
"1308","2019-01-09",9,NA,3639,""
"1309","2019-01-10",2,NA,3641,""
"1310","2019-01-11",8,NA,3649,""
"1311","2019-01-12",1,NA,3650,""
"1312","2019-01-13",4,NA,3654,""
"1313","2019-01-14",2,NA,3656,""
"1314","2019-01-15",2,NA,3658,""
"1315","2019-01-16",3,NA,3661,""
"1316","2019-01-17",5,NA,3666,""
"1317","2019-01-18",4,NA,3670,""
"1318","2019-01-19",3,NA,3673,""
"1319","2019-01-20",2,NA,3675,""
"1320","2019-01-21",4,NA,3679,""
"1321","2019-01-22",4,NA,3683,""
"1322","2019-01-23",1,NA,3684,""
"1323","2019-01-24",2,NA,3686,""
"1324","2019-01-25",6,NA,3692,""
"1325","2019-01-26",3,NA,3695,""
"1326","2019-01-27",1,NA,3696,""
"1327","2019-01-28",3,NA,3699,""
"1328","2019-01-29",2,NA,3701,""
"1329","2019-01-30",6,NA,3707,""
"1330","2019-01-31",5,NA,3712,""
"1331","2019-02-01",8,NA,3720,""
"1332","2019-02-02",2,NA,3722,""
"1333","2019-02-03",5,NA,3727,""
"1334","2019-02-04",4,NA,3731,""
"1335","2019-02-05",6,NA,3737,""
"1336","2019-02-06",3,NA,3740,""
"1337","2019-02-07",3,NA,3743,""
"1338","2019-02-08",7,NA,3750,""
"1339","2019-02-09",3,NA,3753,""
"1340","2019-02-10",2,NA,3755,""
"1341","2019-02-11",8,NA,3763,""
"1342","2019-02-12",4,NA,3767,""
"1343","2019-02-14",2,NA,3769,""
"1344","2019-02-15",3,NA,3772,""
"1345","2019-02-16",2,NA,3774,""
"1346","2019-02-17",2,NA,3776,""
"1347","2019-02-18",8,NA,3784,""
"1348","2019-02-19",8,NA,3792,""
"1349","2019-02-20",2,NA,3794,""
"1350","2019-02-21",1,NA,3795,""
"1351","2019-02-22",4,NA,3799,""
"1352","2019-02-24",4,NA,3803,""
"1353","2019-02-25",2,NA,3805,""
"1354","2019-02-26",5,NA,3810,""
"1355","2019-02-27",2,NA,3812,""
"1356","2019-02-28",3,NA,3815,""
"1357","2019-03-01",4,NA,3819,""
"1358","2019-03-02",2,NA,3821,""
"1359","2019-03-03",3,NA,3824,""
"1360","2019-03-04",4,NA,3828,""
"1361","2019-03-05",8,NA,3836,""
"1362","2019-03-06",9,NA,3845,""
"1363","2019-03-07",8,NA,3853,""
"1364","2019-03-08",11,NA,3864,""
"1365","2019-03-10",2,NA,3866,""
"1366","2019-03-11",14,NA,3880,""
"1367","2019-03-12",2,NA,3882,""
"1368","2019-03-13",6,NA,3888,""
"1369","2019-03-14",3,NA,3891,""
"1370","2019-03-15",7,NA,3898,""
"1371","2019-03-16",4,NA,3902,""
"1372","2019-03-17",4,NA,3906,""
"1373","2019-03-18",6,NA,3912,""
"1374","2019-03-19",11,NA,3923,""
"1375","2019-03-20",8,NA,3931,""
"1376","2019-03-21",5,NA,3936,""
"1377","2019-03-22",7,NA,3943,""
"1378","2019-03-23",2,NA,3945,""
"1379","2019-03-24",4,NA,3949,""
"1380","2019-03-25",3,NA,3952,""
"1381","2019-03-26",1,NA,3953,""
"1382","2019-03-27",1,NA,3954,""
"1383","2019-03-28",1,NA,3955,""
"1384","2019-03-29",5,NA,3960,""
"1385","2019-03-30",3,NA,3963,""
"1386","2019-03-31",1,NA,3964,""
"1387","2019-04-01",5,NA,3969,""
"1388","2019-04-02",1,NA,3970,""
"1389","2019-04-03",2,NA,3972,""
"1390","2019-04-04",9,NA,3981,""
"1391","2019-04-05",1,NA,3982,""
"1392","2019-04-06",3,NA,3985,""
"1393","2019-04-07",8,NA,3993,""
"1394","2019-04-08",6,NA,3999,""
"1395","2019-04-09",6,NA,4005,""
"1396","2019-04-10",3,NA,4008,""
"1397","2019-04-11",9,NA,4017,""
"1398","2019-04-12",3,NA,4020,""
"1399","2019-04-13",7,NA,4027,""
"1400","2019-04-14",4,NA,4031,""
"1401","2019-04-15",5,NA,4036,""
"1402","2019-04-16",5,NA,4041,""
"1403","2019-04-17",2,NA,4043,""
"1404","2019-04-18",3,NA,4046,""
"1405","2019-04-20",1,NA,4047,""
"1406","2019-04-21",3,NA,4050,""
"1407","2019-04-22",7,NA,4057,""
"1408","2019-04-23",4,NA,4061,""
"1409","2019-04-24",7,NA,4068,""
"1410","2019-04-25",12,NA,4080,""
"1411","2019-04-26",3,NA,4083,""
"1412","2019-04-27",2,NA,4085,""
"1413","2019-04-28",1,NA,4086,""
"1414","2019-04-29",8,NA,4094,""
"1415","2019-04-30",2,NA,4096,""
"1416","2019-05-01",4,NA,4100,""
"1417","2019-05-02",5,NA,4105,""
"1418","2019-05-03",8,NA,4113,""
"1419","2019-05-04",5,NA,4118,""
"1420","2019-05-05",1,NA,4119,""
"1421","2019-05-06",11,NA,4130,""
"1422","2019-05-07",3,NA,4133,""
"1423","2019-05-08",7,NA,4140,""
"1424","2019-05-09",6,NA,4146,""
"1425","2019-05-10",5,NA,4151,""
"1426","2019-05-11",1,NA,4152,""
"1427","2019-05-12",2,NA,4154,""
"1428","2019-05-14",3,NA,4157,""
"1429","2019-05-15",5,NA,4162,""
"1430","2019-05-16",9,NA,4171,""
"1431","2019-05-17",12,NA,4183,""
"1432","2019-05-18",4,NA,4187,""
"1433","2019-05-19",2,NA,4189,""
"1434","2019-05-20",7,NA,4196,""
"1435","2019-05-21",5,NA,4201,""
"1436","2019-05-22",5,NA,4206,""
"1437","2019-05-23",3,NA,4209,""
"1438","2019-05-24",5,NA,4214,""
"1439","2019-05-25",2,NA,4216,""
"1440","2019-05-26",1,NA,4217,""
"1441","2019-05-27",6,NA,4223,""
"1442","2019-05-28",6,NA,4229,""
"1443","2019-05-29",2,NA,4231,""
"1444","2019-05-30",4,NA,4235,""
"1445","2019-05-31",7,NA,4242,""
"1446","2019-06-01",2,NA,4244,""
"1447","2019-06-02",2,NA,4246,""
"1448","2019-06-03",15,NA,4261,""
"1449","2019-06-04",4,NA,4265,""
"1450","2019-06-05",1,NA,4266,""
"1451","2019-06-06",6,NA,4272,""
"1452","2019-06-07",6,NA,4278,""
"1453","2019-06-08",1,NA,4279,""
"1454","2019-06-09",4,NA,4283,""
"1455","2019-06-11",2,NA,4285,""
"1456","2019-06-12",1,NA,4286,""
"1457","2019-06-13",5,NA,4291,""
"1458","2019-06-14",9,NA,4300,""
"1459","2019-06-17",5,NA,4305,""
"1460","2019-06-18",3,NA,4308,""
"1461","2019-06-19",6,NA,4314,""
"1462","2019-06-20",3,NA,4317,""
"1463","2019-06-21",5,NA,4322,""
"1464","2019-06-23",2,NA,4324,""
"1465","2019-06-24",6,NA,4330,""
"1466","2019-06-25",3,NA,4333,""
"1467","2019-06-26",3,NA,4336,""
"1468","2019-06-28",9,NA,4345,""
"1469","2019-06-29",3,NA,4348,""
"1470","2019-06-30",1,NA,4349,""
"1471","2019-07-01",2,NA,4351,""
"1472","2019-07-02",12,NA,4363,""
"1473","2019-07-03",7,NA,4370,""
"1474","2019-07-04",4,NA,4374,""
"1475","2019-07-05",4,NA,4378,""
"1476","2019-07-06",6,NA,4384,""
"1477","2019-07-07",3,NA,4387,""
"1478","2019-07-08",3,NA,4390,""
"1479","2019-07-09",4,NA,4394,""
"1480","2019-07-10",4,NA,4398,""
"1481","2019-07-11",1,NA,4399,""
"1482","2019-07-12",2,NA,4401,""
"1483","2019-07-13",2,NA,4403,""
"1484","2019-07-14",3,NA,4406,""
"1485","2019-07-15",6,NA,4412,""
"1486","2019-07-18",17,NA,4429,""
"1487","2019-07-19",8,NA,4437,""
"1488","2019-07-20",3,NA,4440,""
"1489","2019-07-21",1,NA,4441,""
"1490","2019-07-22",2,NA,4443,""
"1491","2019-07-23",9,NA,4452,""
"1492","2019-07-24",4,NA,4456,""
"1493","2019-07-25",3,NA,4459,""
"1494","2019-07-26",2,NA,4461,""
"1495","2019-07-27",3,NA,4464,""
"1496","2019-07-28",4,NA,4468,""
"1497","2019-07-29",3,NA,4471,""
"1498","2019-07-30",5,NA,4476,""
"1499","2019-07-31",8,NA,4484,""
"1500","2019-08-01",6,NA,4490,""
"1501","2019-08-02",9,NA,4499,""
"1502","2019-08-03",2,NA,4501,""
"1503","2019-08-04",3,NA,4504,""
"1504","2019-08-05",5,NA,4509,""
"1505","2019-08-06",3,NA,4512,""
"1506","2019-08-07",7,NA,4519,""
"1507","2019-08-08",5,NA,4524,""
"1508","2019-08-09",5,NA,4529,""
"1509","2019-08-10",2,NA,4531,""
"1510","2019-08-19",11,NA,4542,""
"1511","2019-08-20",10,NA,4552,""
"1512","2019-08-21",6,NA,4558,""
"1513","2019-08-22",2,NA,4560,""
"1514","2019-08-23",5,NA,4565,""
"1515","2019-08-24",7,NA,4572,""
"1516","2019-08-25",1,NA,4573,""
"1517","2019-08-26",5,NA,4578,""
"1518","2019-08-27",3,NA,4581,""
"1519","2019-08-28",7,NA,4588,""
"1520","2019-08-29",6,NA,4594,""
"1521","2019-08-30",3,NA,4597,""
"1522","2019-08-31",3,NA,4600,""
"1523","2019-09-02",2,NA,4602,""
"1524","2019-09-03",8,NA,4610,""
"1525","2019-09-04",4,NA,4614,""
"1526","2019-09-05",4,NA,4618,""
"1527","2019-09-06",2,NA,4620,""
"1528","2019-09-07",2,NA,4622,""
"1529","2019-09-08",1,NA,4623,""
"1530","2019-09-09",3,NA,4626,""
"1531","2019-09-10",5,NA,4631,""
"1532","2019-09-11",4,NA,4635,""
"1533","2019-09-12",2,NA,4637,""
"1534","2019-09-13",5,NA,4642,""
"1535","2019-09-14",1,NA,4643,""
"1536","2019-09-15",4,NA,4647,""
"1537","2019-09-16",6,NA,4653,""
"1538","2019-09-17",6,NA,4659,""
"1539","2019-09-18",1,NA,4660,""
"1540","2019-09-19",1,NA,4661,""
"1541","2019-09-20",11,NA,4672,""
"1542","2019-09-21",1,NA,4673,""
"1543","2019-09-22",3,NA,4676,""
"1544","2019-09-23",8,NA,4684,""
"1545","2019-09-24",4,NA,4688,""
"1546","2019-09-26",3,NA,4691,""
"1547","2019-09-27",8,NA,4699,""
"1548","2019-09-28",1,NA,4700,""
"1549","2019-09-30",3,NA,4703,""
"1550","2019-10-01",2,NA,4705,""
"1551","2019-10-02",11,NA,4716,""
"1552","2019-10-03",8,NA,4724,""
"1553","2019-10-04",2,NA,4726,""
"1554","2019-10-05",2,NA,4728,""
"1555","2019-10-06",3,NA,4731,""
"1556","2019-10-07",4,NA,4735,""
"1557","2019-10-08",2,NA,4737,""
"1558","2019-10-09",9,NA,4746,""
"1559","2019-10-10",2,NA,4748,""
"1560","2019-10-11",6,NA,4754,""
"1561","2019-10-13",1,NA,4755,""
"1562","2019-10-14",2,NA,4757,""
"1563","2019-10-15",5,NA,4762,""
"1564","2019-10-16",4,NA,4766,""
"1565","2019-10-17",2,NA,4768,""
"1566","2019-10-18",4,NA,4772,""
"1567","2019-10-19",5,NA,4777,""
"1568","2019-10-20",4,NA,4781,""
"1569","2019-10-21",1,NA,4782,""
"1570","2019-10-22",5,NA,4787,""
"1571","2019-10-23",3,NA,4790,""
"1572","2019-10-24",10,NA,4800,""
"1573","2019-10-25",4,NA,4804,""
"1574","2019-10-26",1,NA,4805,""
"1575","2019-10-28",7,NA,4812,""
"1576","2019-10-29",1,NA,4813,""
"1577","2019-10-30",2,NA,4815,""
"1578","2019-10-31",1,NA,4816,""
"1579","2019-11-01",1,NA,4817,""
"1580","2019-11-02",1,NA,4818,""
"1581","2019-11-04",6,NA,4824,""
"1582","2019-11-05",5,NA,4829,""
"1583","2019-11-06",4,NA,4833,""
"1584","2019-11-07",4,NA,4837,""
"1585","2019-11-08",3,NA,4840,""
"1586","2019-11-09",4,NA,4844,""
"1587","2019-11-10",5,NA,4849,""
"1588","2019-11-11",4,NA,4853,""
"1589","2019-11-12",4,NA,4857,""
"1590","2019-11-13",4,NA,4861,""
"1591","2019-11-14",3,NA,4864,""
"1592","2019-11-15",8,NA,4872,""
"1593","2019-11-16",1,NA,4873,""
"1594","2019-11-17",5,NA,4878,""
"1595","2019-11-18",1,NA,4879,""
"1596","2019-11-19",8,NA,4887,""
"1597","2019-11-20",5,NA,4892,""
"1598","2019-11-21",4,NA,4896,""
"1599","2019-11-22",9,NA,4905,""
"1600","2019-11-23",2,NA,4907,""
"1601","2019-11-24",5,NA,4912,""
"1602","2019-11-25",6,NA,4918,""
"1603","2019-11-26",2,NA,4920,""
"1604","2019-11-27",5,NA,4925,""
"1605","2019-11-28",5,NA,4930,""
"1606","2019-11-29",1,NA,4931,""
"1607","2019-11-30",2,NA,4933,""
"1608","2019-12-01",4,NA,4937,""
"1609","2019-12-02",8,NA,4945,""
"1610","2019-12-03",3,NA,4948,""
"1611","2019-12-04",5,NA,4953,""
"1612","2019-12-05",15,NA,4968,""
"1613","2019-12-06",15,NA,4983,""
"1614","2019-12-07",5,NA,4988,""
"1615","2019-12-08",4,NA,4992,""
"1616","2019-12-09",10,NA,5002,""
"1617","2019-12-10",4,NA,5006,""
"1618","2019-12-11",7,NA,5013,""
"1619","2019-12-12",10,NA,5023,""
"1620","2019-12-13",12,NA,5035,""
"1621","2019-12-14",2,NA,5037,""
"1622","2019-12-15",10,NA,5047,""
"1623","2019-12-16",12,NA,5059,""
"1624","2019-12-17",13,NA,5072,""
"1625","2019-12-18",14,NA,5086,""
"1626","2019-12-19",11,NA,5097,""
"1627","2019-12-20",11,NA,5108,""
"1628","2019-12-22",4,NA,5112,""
"1629","2019-12-23",1,NA,5113,""
"1630","2019-12-30",1,NA,5114,""
"1631","2020-01-01",1,NA,5115,""
"1632","2020-01-03",1,NA,5116,""
"1633","2020-01-07",7,NA,5123,""
"1634","2020-01-08",21,NA,5144,""
"1635","2020-01-09",16,NA,5160,""
"1636","2020-01-10",14,NA,5174,""
"1637","2020-01-11",1,NA,5175,""
"1638","2020-01-12",8,NA,5183,""
"1639","2020-01-13",14,NA,5197,""
"1640","2020-01-14",6,NA,5203,""
"1641","2020-01-15",6,NA,5209,""
"1642","2020-01-16",16,NA,5225,""
"1643","2020-01-17",5,NA,5230,""
"1644","2020-01-18",2,NA,5232,""
"1645","2020-01-19",8,NA,5240,""
"1646","2020-01-20",5,NA,5245,""
"1647","2020-01-21",6,NA,5251,""
"1648","2020-01-22",5,NA,5256,""
"1649","2020-01-23",7,NA,5263,""
"1650","2020-01-24",12,NA,5275,""
"1651","2020-01-25",4,NA,5279,""
"1652","2020-01-26",6,NA,5285,""
"1653","2020-01-27",2,NA,5287,""
"1654","2020-01-28",4,NA,5291,""
"1655","2020-01-29",6,NA,5297,""
"1656","2020-01-30",5,NA,5302,""
"1657","2020-01-31",11,NA,5313,""
"1658","2020-02-01",4,NA,5317,""
"1659","2020-02-02",3,NA,5320,""
"1660","2020-02-03",18,NA,5338,""
"1661","2020-02-04",5,NA,5343,""
"1662","2020-02-05",12,NA,5355,""
"1663","2020-02-06",17,NA,5372,""
"1664","2020-02-07",12,NA,5384,""
"1665","2020-02-08",7,NA,5391,""
"1666","2020-02-09",10,NA,5401,""
"1667","2020-02-10",6,NA,5407,""
"1668","2020-02-11",11,NA,5418,""
"1669","2020-02-12",8,NA,5426,""
"1670","2020-02-13",14,NA,5440,""
"1671","2020-02-14",4,NA,5444,""
"1672","2020-02-15",5,NA,5449,""
"1673","2020-02-16",3,NA,5452,""
"1674","2020-02-17",14,NA,5466,""
"1675","2020-02-18",5,NA,5471,""
"1676","2020-02-19",9,NA,5480,""
"1677","2020-02-20",12,NA,5492,""
"1678","2020-02-21",7,NA,5499,""
"1679","2020-02-22",5,NA,5504,""
"1680","2020-02-23",6,NA,5510,""
"1681","2020-02-24",6,NA,5516,""
"1682","2020-02-25",6,NA,5522,""
"1683","2020-02-26",12,NA,5534,""
"1684","2020-02-27",2,NA,5536,""
"1685","2020-02-28",17,NA,5553,""
"1686","2020-02-29",6,NA,5559,""
"1687","2020-03-01",11,NA,5570,""
"1688","2020-03-02",13,NA,5583,""
"1689","2020-03-03",7,NA,5590,""
"1690","2020-03-04",18,NA,5608,""
"1691","2020-03-05",8,NA,5616,""
"1692","2020-03-06",9,NA,5625,""
"1693","2020-03-07",4,NA,5629,""
"1694","2020-03-08",4,NA,5633,""
"1695","2020-03-09",9,NA,5642,""
"1696","2020-03-10",8,NA,5650,""
"1697","2020-03-11",10,NA,5660,""
"1698","2020-03-12",6,NA,5666,""
"1699","2020-03-13",11,NA,5677,""
"1700","2020-03-14",3,NA,5680,""
"1701","2020-03-15",4,NA,5684,""
"1702","2020-03-16",7,NA,5691,""
"1703","2020-03-17",6,NA,5697,""
"1704","2020-03-18",6,NA,5703,""
"1705","2020-03-19",14,NA,5717,""
"1706","2020-03-20",12,NA,5729,""
"1707","2020-03-21",3,NA,5732,""
"1708","2020-03-22",3,NA,5735,""
"1709","2020-03-23",17,NA,5752,""
"1710","2020-03-24",9,NA,5761,""
"1711","2020-03-25",8,NA,5769,""
"1712","2020-03-26",9,NA,5778,""
"1713","2020-03-27",1,NA,5779,""
"1714","2020-03-28",8,NA,5787,""
"1715","2020-03-29",5,NA,5792,""
"1716","2020-03-30",8,NA,5800,""
"1717","2020-03-31",13,NA,5813,""
"1718","2020-04-01",15,NA,5828,""
"1719","2020-04-02",7,NA,5835,""
"1720","2020-04-03",13,NA,5848,""
"1721","2020-04-04",5,NA,5853,""
"1722","2020-04-05",8,NA,5861,""
"1723","2020-04-06",9,NA,5870,""
"1724","2020-04-07",11,NA,5881,""
"1725","2020-04-08",2,NA,5883,""
"1726","2020-04-09",8,NA,5891,""
"1727","2020-04-10",10,NA,5901,""
"1728","2020-04-11",3,NA,5904,""
"1729","2020-04-12",4,NA,5908,""
"1730","2020-04-13",4,NA,5912,""
"1731","2020-04-14",11,NA,5923,""
"1732","2020-04-15",6,NA,5929,""
"1733","2020-04-16",3,NA,5932,""
"1734","2020-04-17",5,NA,5937,""
"1735","2020-04-19",7,NA,5944,""
"1736","2020-04-20",4,NA,5948,""
"1737","2020-04-21",10,NA,5958,""
"1738","2020-04-22",11,NA,5969,""
"1739","2020-04-23",8,NA,5977,""
"1740","2020-04-24",6,NA,5983,""
"1741","2020-04-25",8,NA,5991,""
"1742","2020-04-26",2,NA,5993,""
"1743","2020-04-27",3,NA,5996,""
"1744","2020-04-28",8,NA,6004,""
"1745","2020-04-29",12,NA,6016,""
"1746","2020-04-30",5,NA,6021,""
"1747","2020-05-01",2,NA,6023,""
"1748","2020-05-02",6,NA,6029,""
"1749","2020-05-03",3,NA,6032,""
"1750","2020-05-04",12,NA,6044,""
"1751","2020-05-05",11,NA,6055,""
"1752","2020-05-06",10,NA,6065,""
"1753","2020-05-07",10,NA,6075,""
"1754","2020-05-08",13,NA,6088,""
"1755","2020-05-09",5,NA,6093,""
"1756","2020-05-10",2,NA,6095,""
"1757","2020-05-11",13,NA,6108,""
"1758","2020-05-12",6,NA,6114,""
"1759","2020-05-13",6,NA,6120,""
"1760","2020-05-14",10,NA,6130,""
"1761","2020-05-15",9,NA,6139,""
"1762","2020-05-16",5,NA,6144,""
"1763","2020-05-17",3,NA,6147,""
"1764","2020-05-18",7,NA,6154,""
"1765","2020-05-19",7,NA,6161,""
"1766","2020-05-20",13,NA,6174,""
"1767","2020-05-21",3,NA,6177,""
"1768","2020-05-22",6,NA,6183,""
"1769","2020-05-23",2,NA,6185,""
"1770","2020-05-24",4,NA,6189,""
"1771","2020-05-25",4,NA,6193,""
"1772","2020-05-26",13,NA,6206,""
"1773","2020-05-27",12,NA,6218,""
"1774","2020-05-28",6,NA,6224,""
"1775","2020-05-29",3,NA,6227,""
"1776","2020-05-30",3,NA,6230,""
"1777","2020-05-31",5,NA,6235,""
"1778","2020-06-01",3,NA,6238,""
"1779","2020-06-02",20,NA,6258,""
"1780","2020-06-03",15,NA,6273,""
"1781","2020-06-04",22,NA,6295,""
"1782","2020-06-05",12,NA,6307,""
"1783","2020-06-06",3,NA,6310,""
"1784","2020-06-07",5,NA,6315,""
"1785","2020-06-08",8,NA,6323,""
"1786","2020-06-09",15,NA,6338,""
"1787","2020-06-10",8,NA,6346,""
"1788","2020-06-11",5,NA,6351,""
"1789","2020-06-12",10,NA,6361,""
"1790","2020-06-13",4,NA,6365,""
"1791","2020-06-14",9,NA,6374,""
"1792","2020-06-15",6,NA,6380,""
"1793","2020-06-16",6,NA,6386,""
"1794","2020-06-17",5,NA,6391,""
"1795","2020-06-18",7,NA,6398,""
"1796","2020-06-19",5,NA,6403,""
"1797","2020-06-20",3,NA,6406,""
"1798","2020-06-21",1,NA,6407,""
"1799","2020-06-22",9,NA,6416,""
"1800","2020-06-23",11,NA,6427,""
"1801","2020-06-24",15,NA,6442,""
"1802","2020-06-25",27,NA,6469,""
"1803","2020-06-26",17,NA,6486,""
"1804","2020-06-27",6,NA,6492,""
"1805","2020-06-28",5,NA,6497,""
"1806","2020-06-29",12,NA,6509,""
"1807","2020-06-30",16,NA,6525,""
"1808","2020-07-01",6,NA,6531,""
"1809","2020-07-02",6,NA,6537,""
"1810","2020-07-03",5,NA,6542,""
"1811","2020-07-04",3,NA,6545,""
"1812","2020-07-05",4,NA,6549,""
"1813","2020-07-06",8,NA,6557,""
"1814","2020-07-07",7,NA,6564,""
"1815","2020-07-08",8,NA,6572,""
"1816","2020-07-09",7,NA,6579,""
"1817","2020-07-10",11,NA,6590,""
"1818","2020-07-11",1,NA,6591,""
"1819","2020-07-13",10,NA,6601,""
"1820","2020-07-14",7,NA,6608,""
"1821","2020-07-15",7,NA,6615,""
"1822","2020-07-16",6,NA,6621,""
"1823","2020-07-17",3,NA,6624,""
"1824","2020-07-18",8,NA,6632,""
"1825","2020-07-19",3,NA,6635,""
"1826","2020-07-20",5,NA,6640,""
"1827","2020-07-21",3,NA,6643,""
"1828","2020-07-22",3,NA,6646,""
"1829","2020-07-23",7,NA,6653,""
"1830","2020-07-24",10,NA,6663,""
"1831","2020-07-25",4,NA,6667,""
"1832","2020-07-26",7,NA,6674,""
"1833","2020-07-27",8,NA,6682,""
"1834","2020-07-28",2,NA,6684,""
"1835","2020-07-29",4,NA,6688,""
"1836","2020-07-30",7,NA,6695,""
"1837","2020-07-31",7,NA,6702,""
"1838","2020-08-01",4,NA,6706,""
"1839","2020-08-02",6,NA,6712,""
"1840","2020-08-03",11,NA,6723,""
"1841","2020-08-04",6,NA,6729,""
"1842","2020-08-05",9,NA,6738,""
"1843","2020-08-06",5,NA,6743,""
"1844","2020-08-07",4,NA,6747,""
"1845","2020-08-10",10,NA,6757,""
"1846","2020-08-11",8,NA,6765,""
"1847","2020-08-12",4,NA,6769,""
"1848","2020-08-13",4,NA,6773,""
"1849","2020-08-14",4,NA,6777,""
"1850","2020-08-16",1,NA,6778,""
"1851","2020-08-17",3,NA,6781,""
"1852","2020-08-18",5,NA,6786,""
"1853","2020-08-19",1,NA,6787,""
"1854","2020-08-20",3,NA,6790,""
"1855","2020-08-24",2,NA,6792,""
"1856","2020-08-25",5,NA,6797,""
"1857","2020-08-26",18,NA,6815,""
"1858","2020-08-27",11,NA,6826,""
"1859","2020-08-28",11,NA,6837,""
"1860","2020-08-29",10,NA,6847,""
"1861","2020-08-30",6,NA,6853,""
"1862","2020-08-31",14,NA,6867,""
"1863","2020-09-01",10,NA,6877,""
"1864","2020-09-02",9,NA,6886,""
"1865","2020-09-03",13,NA,6899,""
"1866","2020-09-04",7,NA,6906,""
"1867","2020-09-06",1,NA,6907,""
"1868","2020-09-07",7,NA,6914,""
"1869","2020-09-08",9,NA,6923,""
"1870","2020-09-09",4,NA,6927,""
"1871","2020-09-10",10,NA,6937,""
"1872","2020-09-11",3,NA,6940,""
"1873","2020-09-12",5,NA,6945,""
"1874","2020-09-13",5,NA,6950,""
"1875","2020-09-14",8,NA,6958,""
"1876","2020-09-15",10,NA,6968,""
"1877","2020-09-16",6,NA,6974,""
"1878","2020-09-17",13,NA,6987,""
"1879","2020-09-18",9,NA,6996,""
"1880","2020-09-19",4,NA,7000,""
"1881","2020-09-20",4,NA,7004,""
"1882","2020-09-21",6,NA,7010,""
"1883","2020-09-22",8,NA,7018,""
"1884","2020-09-23",11,NA,7029,""
"1885","2020-09-24",13,NA,7042,""
"1886","2020-09-25",8,NA,7050,""
"1887","2020-09-26",3,NA,7053,""
"1888","2020-09-27",5,NA,7058,""
"1889","2020-09-28",7,NA,7065,""
"1890","2020-09-29",10,NA,7075,""
"1891","2020-09-30",12,NA,7087,""
"1892","2020-10-01",7,NA,7094,""
"1893","2020-10-02",14,NA,7108,""
"1894","2020-10-03",5,NA,7113,""
"1895","2020-10-04",2,NA,7115,""
"1896","2020-10-05",13,NA,7128,""
"1897","2020-10-06",6,NA,7134,""
"1898","2020-10-07",9,NA,7143,""
"1899","2020-10-08",8,NA,7151,""
"1900","2020-10-09",4,NA,7155,""
"1901","2020-10-10",6,NA,7161,""
"1902","2020-10-11",7,NA,7168,""
"1903","2020-10-12",10,NA,7178,""
"1904","2020-10-13",13,NA,7191,""
"1905","2020-10-14",21,NA,7212,""
"1906","2020-10-15",9,NA,7221,""
"1907","2020-10-16",6,NA,7227,""
"1908","2020-10-17",4,NA,7231,""
"1909","2020-10-18",3,NA,7234,""
"1910","2020-10-19",14,NA,7248,""
"1911","2020-10-20",14,NA,7262,""
"1912","2020-10-21",4,NA,7266,""
"1913","2020-10-22",8,NA,7274,""
"1914","2020-10-23",4,NA,7278,""
"1915","2020-10-24",8,NA,7286,""
"1916","2020-10-25",7,NA,7293,""
"1917","2020-10-26",14,NA,7307,""
"1918","2020-10-27",9,NA,7316,""
"1919","2020-10-28",4,NA,7320,""
"1920","2020-10-29",4,NA,7324,""
"1921","2020-10-30",2,NA,7326,""
"1922","2020-10-31",6,NA,7332,""
"1923","2020-11-01",3,NA,7335,""
"1924","2020-11-02",5,NA,7340,""
"1925","2020-11-03",7,NA,7347,""
"1926","2020-11-04",8,NA,7355,""
"1927","2020-11-05",11,NA,7366,""
"1928","2020-11-06",7,NA,7373,""
"1929","2020-11-07",4,NA,7377,""
"1930","2020-11-08",6,NA,7383,""
"1931","2020-11-09",13,NA,7396,""
"1932","2020-11-10",14,NA,7410,""
"1933","2020-11-11",4,NA,7414,""
"1934","2020-11-12",6,NA,7420,""
"1935","2020-11-13",6,NA,7426,""
"1936","2020-11-14",8,NA,7434,""
"1937","2020-11-15",6,NA,7440,""
"1938","2020-11-16",7,NA,7447,""
"1939","2020-11-17",4,NA,7451,""
"1940","2020-11-18",11,NA,7462,""
"1941","2020-11-19",13,NA,7475,""
"1942","2020-11-20",14,NA,7489,""
"1943","2020-11-21",3,NA,7492,""
"1944","2020-11-22",3,NA,7495,""
"1945","2020-11-23",15,NA,7510,""
"1946","2020-11-24",11,NA,7521,""
"1947","2020-11-25",10,NA,7531,""
"1948","2020-11-26",9,NA,7540,""
"1949","2020-11-27",7,NA,7547,""
"1950","2020-11-28",2,NA,7549,""
"1951","2020-11-29",11,NA,7560,""
"1952","2020-11-30",10,NA,7570,""
"1953","2020-12-01",13,NA,7583,""
"1954","2020-12-02",11,NA,7594,""
"1955","2020-12-03",7,NA,7601,""
"1956","2020-12-04",13,NA,7614,""
"1957","2020-12-05",8,NA,7622,""
"1958","2020-12-06",3,NA,7625,""
"1959","2020-12-07",14,NA,7639,""
"1960","2020-12-08",7,NA,7646,""
"1961","2020-12-09",11,NA,7657,""
"1962","2020-12-10",5,NA,7662,""
"1963","2020-12-11",6,NA,7668,""
"1964","2020-12-12",2,NA,7670,""
"1965","2020-12-13",5,NA,7675,""
"1966","2020-12-14",6,NA,7681,""
"1967","2020-12-15",15,NA,7696,""
"1968","2020-12-16",12,NA,7708,""
"1969","2020-12-17",14,NA,7722,""
"1970","2020-12-18",12,NA,7734,""
"1971","2020-12-21",3,NA,7737,""
"1972","2020-12-30",1,NA,7738,""
"1973","2021-01-04",11,NA,7749,""
"1974","2021-01-05",14,NA,7763,""
"1975","2021-01-06",22,NA,7785,""
"1976","2021-01-07",20,NA,7805,""
"1977","2021-01-08",15,NA,7820,""
"1978","2021-01-09",6,NA,7826,""
"1979","2021-01-10",24,NA,7850,""
"1980","2021-01-11",18,NA,7868,""
"1981","2021-01-12",19,NA,7887,""
"1982","2021-01-13",22,NA,7909,""
"1983","2021-01-14",13,NA,7922,""
"1984","2021-01-15",8,NA,7930,""
"1985","2021-01-16",5,NA,7935,""
"1986","2021-01-17",5,NA,7940,""
"1987","2021-01-18",11,NA,7951,""
"1988","2021-01-19",15,NA,7966,""
"1989","2021-01-20",13,NA,7979,""
"1990","2021-01-21",16,NA,7995,""
"1991","2021-01-22",13,NA,8008,""
"1992","2021-01-23",1,NA,8009,""
"1993","2021-01-24",2,NA,8011,""
"1994","2021-01-25",15,NA,8026,""
"1995","2021-01-26",7,NA,8033,""
"1996","2021-01-27",16,NA,8049,""
"1997","2021-01-28",9,NA,8058,""
"1998","2021-01-29",17,NA,8075,""
"1999","2021-01-30",3,NA,8078,""
"2000","2021-01-31",6,NA,8084,""
"2001","2021-02-01",11,NA,8095,""
"2002","2021-02-02",13,NA,8108,""
"2003","2021-02-03",8,NA,8116,""
"2004","2021-02-04",7,NA,8123,""
"2005","2021-02-05",12,NA,8135,""
"2006","2021-02-06",5,NA,8140,""
"2007","2021-02-07",5,NA,8145,""
"2008","2021-02-08",10,NA,8155,""
"2009","2021-02-09",7,NA,8162,""
"2010","2021-02-10",18,NA,8180,""
"2011","2021-02-11",15,NA,8195,""
"2012","2021-02-12",11,NA,8206,""
"2013","2021-02-13",4,NA,8210,""
"2014","2021-02-14",4,NA,8214,""
"2015","2021-02-15",12,NA,8226,""
"2016","2021-02-16",19,NA,8245,""
"2017","2021-02-17",13,NA,8258,""
"2018","2021-02-18",8,NA,8266,""
"2019","2021-02-19",3,NA,8269,""
"2020","2021-02-20",12,NA,8281,""
"2021","2021-02-21",5,NA,8286,""
"2022","2021-02-22",16,NA,8302,""
"2023","2021-02-23",13,NA,8315,""
"2024","2021-02-24",13,NA,8328,""
"2025","2021-02-25",16,NA,8344,""
"2026","2021-02-26",12,NA,8356,""
"2027","2021-02-27",2,NA,8358,""
"2028","2021-02-28",2,NA,8360,""
"2029","2021-03-01",18,NA,8378,""
"2030","2021-03-02",17,NA,8395,""
"2031","2021-03-03",4,NA,8399,""
"2032","2021-03-04",9,NA,8408,""
"2033","2021-03-05",13,NA,8421,""
"2034","2021-03-06",5,NA,8426,""
"2035","2021-03-07",3,NA,8429,""
"2036","2021-03-08",5,NA,8434,""
"2037","2021-03-09",12,NA,8446,""
"2038","2021-03-10",12,NA,8458,""
"2039","2021-03-11",7,NA,8465,""
"2040","2021-03-12",10,NA,8475,""
"2041","2021-03-14",9,NA,8484,""
"2042","2021-03-15",10,NA,8494,""
"2043","2021-03-16",13,NA,8507,""
"2044","2021-03-17",15,NA,8522,""
"2045","2021-03-18",9,NA,8531,""
"2046","2021-03-19",6,NA,8537,""
"2047","2021-03-20",10,NA,8547,""
"2048","2021-03-21",10,NA,8557,""
"2049","2021-03-22",20,NA,8577,""
"2050","2021-03-23",15,NA,8592,""
"2051","2021-03-24",1,NA,8593,""
"2052","2021-03-25",2,NA,8595,""
"2053","2021-03-27",7,NA,8602,""
"2054","2021-03-28",13,NA,8615,""
"2055","2021-03-29",24,NA,8639,""
"2056","2021-03-30",11,NA,8650,""
"2057","2021-03-31",12,NA,8662,""
"2058","2021-04-01",8,NA,8670,""
"2059","2021-04-02",8,NA,8678,""
"2060","2021-04-03",5,NA,8683,""
"2061","2021-04-04",1,NA,8684,""
"2062","2021-04-05",6,NA,8690,""
"2063","2021-04-06",7,NA,8697,""
"2064","2021-04-07",13,NA,8710,""
"2065","2021-04-08",7,NA,8717,""
"2066","2021-04-09",10,NA,8727,""
"2067","2021-04-10",7,NA,8734,""
"2068","2021-04-11",6,NA,8740,""
"2069","2021-04-12",11,NA,8751,""
"2070","2021-04-13",14,NA,8765,""
"2071","2021-04-14",6,NA,8771,""
"2072","2021-04-15",9,NA,8780,""
"2073","2021-04-16",19,NA,8799,""
"2074","2021-04-17",11,NA,8810,""
"2075","2021-04-18",11,NA,8821,""
"2076","2021-04-19",19,NA,8840,""
"2077","2021-04-20",14,NA,8854,""
"2078","2021-04-21",9,NA,8863,""
"2079","2021-04-22",27,NA,8890,""
"2080","2021-04-23",12,NA,8902,""
"2081","2021-04-24",4,NA,8906,""
"2082","2021-04-25",3,NA,8909,""
"2083","2021-04-26",6,NA,8915,""
"2084","2021-04-27",8,NA,8923,""
"2085","2021-04-28",13,NA,8936,""
"2086","2021-04-29",6,NA,8942,""
"2087","2021-04-30",13,NA,8955,""
"2088","2021-05-01",8,NA,8963,""
"2089","2021-05-02",7,NA,8970,""
"2090","2021-05-03",14,NA,8984,""
"2091","2021-05-04",15,NA,8999,""
"2092","2021-05-05",7,NA,9006,""
"2093","2021-05-06",7,NA,9013,""
"2094","2021-05-07",15,NA,9028,""
"2095","2021-05-08",5,NA,9033,""
"2096","2021-05-09",5,NA,9038,""
"2097","2021-05-10",19,NA,9057,""
"2098","2021-05-11",15,NA,9072,""
"2099","2021-05-12",15,NA,9087,""
"2100","2021-05-13",14,NA,9101,""
"2101","2021-05-14",17,NA,9118,""
"2102","2021-05-15",12,NA,9130,""
"2103","2021-05-16",13,NA,9143,""
"2104","2021-05-17",18,NA,9161,""
"2105","2021-05-18",14,NA,9175,""
"2106","2021-05-19",14,NA,9189,""
"2107","2021-05-20",14,NA,9203,""
"2108","2021-05-21",9,NA,9212,""
"2109","2021-05-22",5,NA,9217,""
"2110","2021-05-23",7,NA,9224,""
"2111","2021-05-24",9,NA,9233,""
"2112","2021-05-25",17,NA,9250,""
"2113","2021-05-26",10,NA,9260,""
"2114","2021-05-27",11,NA,9271,""
"2115","2021-05-28",15,NA,9286,""
"2116","2021-05-29",13,NA,9299,""
"2117","2021-05-30",3,NA,9302,""
"2118","2021-05-31",14,NA,9316,""
"2119","2021-06-01",19,NA,9335,""
"2120","2021-06-02",16,NA,9351,""
"2121","2021-06-03",8,NA,9359,""
"2122","2021-06-04",9,NA,9368,""
"2123","2021-06-05",5,NA,9373,""
"2124","2021-06-06",6,NA,9379,""
"2125","2021-06-07",14,NA,9393,""
"2126","2021-06-08",6,NA,9399,""
"2127","2021-06-09",12,NA,9411,""
"2128","2021-06-10",13,NA,9424,""
"2129","2021-06-11",18,NA,9442,""
"2130","2021-06-12",4,NA,9446,""
"2131","2021-06-13",3,NA,9449,""
"2132","2021-06-14",14,NA,9463,""
"2133","2021-06-15",10,NA,9473,""
"2134","2021-06-16",9,NA,9482,""
"2135","2021-06-17",19,NA,9501,""
"2136","2021-06-18",14,NA,9515,""
"2137","2021-06-19",3,NA,9518,""
"2138","2021-06-20",5,NA,9523,""
"2139","2021-06-21",7,NA,9530,""
"2140","2021-06-22",4,NA,9534,""
"2141","2021-06-23",12,NA,9546,""
"2142","2021-06-24",13,NA,9559,""
"2143","2021-06-25",11,NA,9570,""
"2144","2021-06-26",5,NA,9575,""
"2145","2021-06-27",3,NA,9578,""
"2146","2021-06-28",10,NA,9588,""
"2147","2021-06-29",12,NA,9600,""
"2148","2021-06-30",12,NA,9612,""
"2149","2021-07-01",12,NA,9624,""
"2150","2021-07-02",5,NA,9629,""
"2151","2021-07-03",1,NA,9630,""
"2152","2021-07-04",5,NA,9635,""
"2153","2021-07-05",14,NA,9649,""
"2154","2021-07-06",12,NA,9661,""
"2155","2021-07-07",8,NA,9669,""
"2156","2021-07-08",8,NA,9677,""
"2157","2021-07-09",13,NA,9690,""
"2158","2021-07-10",6,NA,9696,""
"2159","2021-07-11",6,NA,9702,""
"2160","2021-07-12",15,NA,9717,""
"2161","2021-07-13",12,NA,9729,""
"2162","2021-07-14",10,NA,9739,""
"2163","2021-07-15",10,NA,9749,""
"2164","2021-07-16",10,NA,9759,""
"2165","2021-07-17",9,NA,9768,""
"2166","2021-07-18",2,NA,9770,""
"2167","2021-07-19",7,NA,9777,""
"2168","2021-07-20",15,NA,9792,""
"2169","2021-07-21",7,NA,9799,""
"2170","2021-07-22",11,NA,9810,""
"2171","2021-07-23",9,NA,9819,""
"2172","2021-07-24",5,NA,9824,""
"2173","2021-07-25",1,NA,9825,""
"2174","2021-07-26",14,NA,9839,""
"2175","2021-07-27",4,NA,9843,""
"2176","2021-07-28",11,NA,9854,""
"2177","2021-07-29",7,NA,9861,""
"2178","2021-07-30",6,NA,9867,""
"2179","2021-07-31",5,NA,9872,""
"2180","2021-08-01",1,NA,9873,""
"2181","2021-08-02",15,NA,9888,""
"2182","2021-08-03",9,NA,9897,""
"2183","2021-08-04",7,"rbokeh",9904,"rbokeh (9904)"
"2184","2021-08-05",10,NA,9914,""
"2185","2021-08-06",16,NA,9930,""
"2186","2021-08-07",1,NA,9931,""
"2187","2021-08-08",8,NA,9939,""
"2188","2021-08-09",11,NA,9950,""
"2189","2021-08-10",10,NA,9960,""
"2190","2021-08-11",5,NA,9965,""
"2191","2021-08-12",6,NA,9971,""
"2192","2021-08-13",11,NA,9982,""
"2193","2021-08-14",5,NA,9987,""
"2194","2021-08-15",2,NA,9989,""
"2195","2021-08-16",21,NA,10010,""
"2196","2021-08-17",18,NA,10028,""
"2197","2021-08-18",9,NA,10037,""
"2198","2021-08-19",15,NA,10052,""
"2199","2021-08-20",8,NA,10060,""
"2200","2021-08-21",14,NA,10074,""
"2201","2021-08-22",7,NA,10081,""
"2202","2021-08-23",21,NA,10102,""
"2203","2021-08-24",3,NA,10105,""
"2204","2021-08-25",5,NA,10110,""
"2205","2021-09-01",1,NA,10111,""
"2206","2021-09-02",25,NA,10136,""
"2207","2021-09-03",21,NA,10157,""
"2208","2021-09-04",8,NA,10165,""
"2209","2021-09-05",6,NA,10171,""
"2210","2021-09-06",21,NA,10192,""
"2211","2021-09-07",10,NA,10202,""
"2212","2021-09-08",21,"htmlwidgets",10223,"htmlwidgets (10223)"
"2213","2021-09-09",15,NA,10238,""
"2214","2021-09-10",8,NA,10246,""
"2215","2021-09-11",9,NA,10255,""
"2216","2021-09-12",3,NA,10258,""
"2217","2021-09-13",19,NA,10277,""
"2218","2021-09-14",15,NA,10292,""
"2219","2021-09-15",20,NA,10312,""
"2220","2021-09-16",17,NA,10329,""
"2221","2021-09-17",12,NA,10341,""
"2222","2021-09-18",7,NA,10348,""
"2223","2021-09-19",6,NA,10354,""
"2224","2021-09-20",21,NA,10375,""
"2225","2021-09-21",7,NA,10382,""
"2226","2021-09-22",12,NA,10394,""
"2227","2021-09-23",17,NA,10411,""
"2228","2021-09-24",11,NA,10422,""
"2229","2021-09-25",6,NA,10428,""
"2230","2021-09-26",4,NA,10432,""
"2231","2021-09-27",17,NA,10449,""
"2232","2021-09-28",18,NA,10467,""
"2233","2021-09-29",16,NA,10483,""
"2234","2021-09-30",19,NA,10502,""
"2235","2021-10-01",11,NA,10513,""
"2236","2021-10-02",9,NA,10522,""
"2237","2021-10-03",5,NA,10527,""
"2238","2021-10-04",13,NA,10540,""
"2239","2021-10-05",34,NA,10574,""
"2240","2021-10-06",27,NA,10601,""
"2241","2021-10-07",29,NA,10630,""
"2242","2021-10-08",16,NA,10646,""
"2243","2021-10-09",9,"plotly",10655,"plotly (10655)"
"2244","2021-10-10",6,NA,10661,""
"2245","2021-10-11",16,NA,10677,""
"2246","2021-10-12",11,NA,10688,""
"2247","2021-10-13",22,NA,10710,""
"2248","2021-10-14",12,NA,10722,""
"2249","2021-10-15",20,NA,10742,""
"2250","2021-10-16",8,NA,10750,""
"2251","2021-10-17",3,NA,10753,""
"2252","2021-10-18",14,NA,10767,""
"2253","2021-10-19",12,NA,10779,""
"2254","2021-10-20",13,NA,10792,""
"2255","2021-10-21",12,NA,10804,""
"2256","2021-10-22",10,NA,10814,""
"2257","2021-10-23",7,NA,10821,""
"2258","2021-10-24",1,NA,10822,""
"2259","2021-10-25",17,NA,10839,""
"2260","2021-10-26",12,NA,10851,""
"2261","2021-10-27",18,NA,10869,""
"2262","2021-10-28",13,NA,10882,""
"2263","2021-10-29",12,NA,10894,""
"2264","2021-10-30",11,NA,10905,""
"2265","2021-10-31",6,NA,10911,""
"2266","2021-11-01",10,NA,10921,""
"2267","2021-11-02",27,NA,10948,""
"2268","2021-11-03",11,NA,10959,""
"2269","2021-11-04",12,NA,10971,""
"2270","2021-11-05",14,NA,10985,""
"2271","2021-11-06",10,NA,10995,""
"2272","2021-11-07",8,NA,11003,""
"2273","2021-11-08",23,NA,11026,""
"2274","2021-11-09",17,NA,11043,""
"2275","2021-11-10",16,NA,11059,""
"2276","2021-11-11",14,NA,11073,""
"2277","2021-11-12",8,NA,11081,""
"2278","2021-11-13",5,NA,11086,""
"2279","2021-11-14",5,NA,11091,""
"2280","2021-11-15",20,NA,11111,""
"2281","2021-11-16",15,NA,11126,""
"2282","2021-11-17",18,NA,11144,""
"2283","2021-11-18",10,NA,11154,""
"2284","2021-11-19",10,NA,11164,""
"2285","2021-11-20",6,NA,11170,""
"2286","2021-11-21",5,NA,11175,""
"2287","2021-11-22",13,NA,11188,""
"2288","2021-11-23",20,NA,11208,""
"2289","2021-11-24",10,NA,11218,""
"2290","2021-11-25",10,NA,11228,""
"2291","2021-11-26",13,NA,11241,""
"2292","2021-11-27",6,NA,11247,""
"2293","2021-11-28",5,NA,11252,""
"2294","2021-11-29",20,NA,11272,""
"2295","2021-11-30",24,"xml2",11296,"xml2 (11296)"
"2296","2021-12-01",15,NA,11311,""
"2297","2021-12-02",10,NA,11321,""
"2298","2021-12-03",9,NA,11330,""
"2299","2021-12-04",4,NA,11334,""
"2300","2021-12-05",9,NA,11343,""
"2301","2021-12-06",20,NA,11363,""
"2302","2021-12-07",13,NA,11376,""
"2303","2021-12-08",13,NA,11389,""
"2304","2021-12-09",17,NA,11406,""
"2305","2021-12-10",23,NA,11429,""
"2306","2021-12-11",3,NA,11432,""
"2307","2021-12-12",2,NA,11434,""
"2308","2021-12-13",8,NA,11442,""
"2309","2021-12-14",19,NA,11461,""
"2310","2021-12-15",17,NA,11478,""
"2311","2021-12-16",11,NA,11489,""
"2312","2021-12-17",12,NA,11501,""
"2313","2021-12-18",2,NA,11503,""
"2314","2021-12-19",6,NA,11509,""
"2315","2021-12-20",23,NA,11532,""
"2316","2021-12-21",13,NA,11545,""
"2317","2021-12-22",2,NA,11547,""
"2318","2021-12-23",3,NA,11550,""
"2319","2021-12-28",1,NA,11551,""
"2320","2022-01-03",23,NA,11574,""
"2321","2022-01-04",40,NA,11614,""
"2322","2022-01-05",25,NA,11639,""
"2323","2022-01-06",16,NA,11655,""
"2324","2022-01-07",16,NA,11671,""
"2325","2022-01-08",7,NA,11678,""
"2326","2022-01-09",11,NA,11689,""
"2327","2022-01-10",21,NA,11710,""
"2328","2022-01-11",20,NA,11730,""
"2329","2022-01-12",13,NA,11743,""
"2330","2022-01-13",16,NA,11759,""
"2331","2022-01-14",13,NA,11772,""
"2332","2022-01-15",9,NA,11781,""
"2333","2022-01-16",6,NA,11787,""
"2334","2022-01-17",20,NA,11807,""
"2335","2022-01-18",16,NA,11823,""
"2336","2022-01-19",12,NA,11835,""
"2337","2022-01-20",17,NA,11852,""
"2338","2022-01-21",16,NA,11868,""
"2339","2022-01-22",4,NA,11872,""
"2340","2022-01-23",6,NA,11878,""
"2341","2022-01-24",16,NA,11894,""
"2342","2022-01-25",12,NA,11906,""
"2343","2022-01-26",18,NA,11924,""
"2344","2022-01-27",18,NA,11942,""
"2345","2022-01-28",20,NA,11962,""
"2346","2022-01-29",5,NA,11967,""
"2347","2022-01-30",8,NA,11975,""
"2348","2022-01-31",18,NA,11993,""
"2349","2022-02-01",24,NA,12017,""
"2350","2022-02-02",13,NA,12030,""
"2351","2022-02-03",22,NA,12052,""
"2352","2022-02-04",18,NA,12070,""
"2353","2022-02-05",12,NA,12082,""
"2354","2022-02-06",8,NA,12090,""
"2355","2022-02-07",26,NA,12116,""
"2356","2022-02-08",25,NA,12141,""
"2357","2022-02-09",31,NA,12172,""
"2358","2022-02-10",14,NA,12186,""
"2359","2022-02-11",21,NA,12207,""
"2360","2022-02-12",8,NA,12215,""
"2361","2022-02-13",10,NA,12225,""
"2362","2022-02-14",19,NA,12244,""
"2363","2022-02-15",16,NA,12260,""
"2364","2022-02-16",23,NA,12283,""
"2365","2022-02-17",15,NA,12298,""
"2366","2022-02-18",19,NA,12317,""
"2367","2022-02-19",3,NA,12320,""
"2368","2022-02-20",13,NA,12333,""
"2369","2022-02-21",26,NA,12359,""
"2370","2022-02-22",35,NA,12394,""
"2371","2022-02-23",18,NA,12412,""
"2372","2022-02-24",23,NA,12435,""
"2373","2022-02-25",19,NA,12454,""
"2374","2022-02-26",3,NA,12457,""
"2375","2022-02-27",4,NA,12461,""
"2376","2022-02-28",16,NA,12477,""
"2377","2022-03-01",27,NA,12504,""
"2378","2022-03-02",31,NA,12535,""
"2379","2022-03-03",16,NA,12551,""
"2380","2022-03-04",17,NA,12568,""
"2381","2022-03-05",15,NA,12583,""
"2382","2022-03-06",5,NA,12588,""
"2383","2022-03-07",22,NA,12610,""
"2384","2022-03-08",14,NA,12624,""
"2385","2022-03-09",26,NA,12650,""
"2386","2022-03-10",28,NA,12678,""
"2387","2022-03-11",22,NA,12700,""
"2388","2022-03-12",4,NA,12704,""
"2389","2022-03-13",9,NA,12713,""
"2390","2022-03-14",18,NA,12731,""
"2391","2022-03-15",14,NA,12745,""
"2392","2022-03-16",32,NA,12777,""
"2393","2022-03-17",18,NA,12795,""
"2394","2022-03-18",13,NA,12808,""
"2395","2022-03-19",6,NA,12814,""
"2396","2022-03-20",5,NA,12819,""
"2397","2022-03-21",33,NA,12852,""
"2398","2022-03-22",21,NA,12873,""
"2399","2022-03-23",29,NA,12902,""
"2400","2022-03-24",23,NA,12925,""
"2401","2022-03-25",19,NA,12944,""
"2402","2022-03-26",6,NA,12950,""
"2403","2022-03-27",15,NA,12965,""
"2404","2022-03-28",22,NA,12987,""
"2405","2022-03-29",33,NA,13020,""
"2406","2022-03-30",24,NA,13044,""
"2407","2022-03-31",22,NA,13066,""
"2408","2022-04-01",22,NA,13088,""
"2409","2022-04-02",11,NA,13099,""
"2410","2022-04-03",10,NA,13109,""
"2411","2022-04-04",28,NA,13137,""
"2412","2022-04-05",22,NA,13159,""
"2413","2022-04-06",38,NA,13197,""
"2414","2022-04-07",15,NA,13212,""
"2415","2022-04-08",31,NA,13243,""
"2416","2022-04-09",10,NA,13253,""
"2417","2022-04-10",8,NA,13261,""
"2418","2022-04-11",37,NA,13298,""
"2419","2022-04-12",25,NA,13323,""
"2420","2022-04-13",25,NA,13348,""
"2421","2022-04-14",18,NA,13366,""
"2422","2022-04-15",17,NA,13383,""
"2423","2022-04-16",13,NA,13396,""
"2424","2022-04-17",12,NA,13408,""
"2425","2022-04-18",18,NA,13426,""
"2426","2022-04-19",35,NA,13461,""
"2427","2022-04-20",20,NA,13481,""
"2428","2022-04-21",17,NA,13498,""
"2429","2022-04-22",29,NA,13527,""
"2430","2022-04-23",9,NA,13536,""
"2431","2022-04-24",19,NA,13555,""
"2432","2022-04-25",29,NA,13584,""
"2433","2022-04-26",34,NA,13618,""
"2434","2022-04-27",31,NA,13649,""
"2435","2022-04-28",22,NA,13671,""
"2436","2022-04-29",33,NA,13704,""
"2437","2022-04-30",2,NA,13706,""
"2438","2022-05-01",25,NA,13731,""
"2439","2022-05-02",46,NA,13777,""
"2440","2022-05-03",32,"ggplot2",13809,"ggplot2 (13809)"
"2441","2022-05-04",21,NA,13830,""
"2442","2022-05-05",35,NA,13865,""
"2443","2022-05-06",28,NA,13893,""
"2444","2022-05-07",11,NA,13904,""
"2445","2022-05-08",7,NA,13911,""
"2446","2022-05-09",69,NA,13980,""
"2447","2022-05-10",47,NA,14027,""
"2448","2022-05-11",38,NA,14065,""
"2449","2022-05-12",26,NA,14091,""
"2450","2022-05-13",32,NA,14123,""
"2451","2022-05-14",16,NA,14139,""
"2452","2022-05-15",6,NA,14145,""
"2453","2022-05-16",27,NA,14172,""
"2454","2022-05-17",36,NA,14208,""
"2455","2022-05-18",38,NA,14246,""
"2456","2022-05-19",21,NA,14267,""
"2457","2022-05-20",27,NA,14294,""
"2458","2022-05-21",13,NA,14307,""
"2459","2022-05-23",33,NA,14340,""
"2460","2022-05-24",41,NA,14381,""
"2461","2022-05-25",46,NA,14427,""
"2462","2022-05-26",23,NA,14450,""
"2463","2022-05-27",31,NA,14481,""
"2464","2022-05-28",10,NA,14491,""
"2465","2022-05-29",15,NA,14506,""
"2466","2022-05-30",35,NA,14541,""
"2467","2022-05-31",44,NA,14585,""
"2468","2022-06-01",31,NA,14616,""
"2469","2022-06-02",9,NA,14625,""
"2470","2022-06-03",30,NA,14655,""
"2471","2022-06-04",3,NA,14658,""
"2472","2022-06-05",5,NA,14663,""
"2473","2022-06-06",32,NA,14695,""
"2474","2022-06-07",54,NA,14749,""
"2475","2022-06-08",19,NA,14768,""
"2476","2022-06-09",41,NA,14809,""
"2477","2022-06-10",34,NA,14843,""
"2478","2022-06-11",16,NA,14859,""
"2479","2022-06-12",13,NA,14872,""
"2480","2022-06-13",43,NA,14915,""
"2481","2022-06-14",26,NA,14941,""
"2482","2022-06-15",28,NA,14969,""
"2483","2022-06-16",18,NA,14987,""
"2484","2022-06-17",31,NA,15018,""
"2485","2022-06-18",16,NA,15034,""
"2486","2022-06-19",10,NA,15044,""
"2487","2022-06-20",25,NA,15069,""
"2488","2022-06-21",39,NA,15108,""
"2489","2022-06-22",39,NA,15147,""
"2490","2022-06-23",34,NA,15181,""
"2491","2022-06-24",35,NA,15216,""
"2492","2022-06-25",7,NA,15223,""
"2493","2022-06-26",14,NA,15237,""
"2494","2022-06-27",39,NA,15276,""
"2495","2022-06-28",29,NA,15305,""
"2496","2022-06-29",16,NA,15321,""
"2497","2022-06-30",34,NA,15355,""
"2498","2022-07-01",23,NA,15378,""
"2499","2022-07-02",11,NA,15389,""
"2500","2022-07-03",14,NA,15403,""
"2501","2022-07-04",28,NA,15431,""
"2502","2022-07-05",33,NA,15464,""
"2503","2022-07-06",26,NA,15490,""
"2504","2022-07-07",17,NA,15507,""
"2505","2022-07-08",35,NA,15542,""
"2506","2022-07-09",9,NA,15551,""
"2507","2022-07-10",7,NA,15558,""
"2508","2022-07-11",29,NA,15587,""
"2509","2022-07-12",20,NA,15607,""
"2510","2022-07-13",19,"tidymodels",15626,"tidymodels (15626)"
"2511","2022-07-14",30,NA,15656,""
"2512","2022-07-15",12,NA,15668,""
"2513","2022-07-16",29,NA,15697,""
"2514","2022-07-17",13,NA,15710,""
"2515","2022-07-18",36,"tidyverse",15746,"tidyverse (15746)"
"2516","2022-07-19",29,"shiny",15775,"shiny (15775)"
"2517","2022-07-20",34,NA,15809,""
"2518","2022-07-21",32,NA,15841,""
"2519","2022-07-22",6,NA,15847,""
"2520","2022-07-23",5,NA,15852,""
"2521","2022-07-24",4,NA,15856,""
"2522","2022-07-25",2,NA,15858,""
"2523","2022-08-03",1,NA,15859,""
"2524","2022-08-04",1,NA,15860,""
"2525","2022-08-05",34,NA,15894,""
"2526","2022-08-06",35,NA,15929,""
"2527","2022-08-07",31,NA,15960,""
"2528","2022-08-08",38,NA,15998,""
"2529","2022-08-09",56,"caret",16054,"caret (16054)"
"2530","2022-08-10",33,NA,16087,""
"2531","2022-08-11",52,"mlr3",16139,"mlr3 (16139)"
"2532","2022-08-12",46,NA,16185,""
"2533","2022-08-13",26,NA,16211,""
"2534","2022-08-14",25,NA,16236,""
"2535","2022-08-15",73,NA,16309,""
"2536","2022-08-16",54,NA,16363,""
"2537","2022-08-17",63,NA,16426,""
"2538","2022-08-18",34,NA,16460,""
"2539","2022-08-19",83,"rvest",16543,"rvest (16543)"
"2540","2022-08-20",23,"stringr",16566,"stringr (16566)"
"2541","2022-08-20",23,"tidytext",16589,"tidytext (16589)"
"2542","2022-08-21",7,NA,16596,""
"2543","2022-08-22",69,NA,16665,""
"2544","2022-08-23",43,NA,16708,""
"2545","2022-08-24",38,NA,16746,""
"2546","2022-08-25",64,NA,16810,""
"2547","2022-08-26",35,NA,16845,""
"2548","2022-08-27",19,NA,16864,""
"2549","2022-08-28",27,NA,16891,""
"2550","2022-08-29",41,NA,16932,""
"2551","2022-08-30",41,NA,16973,""
"2552","2022-08-31",49,NA,17022,""
"2553","2022-09-01",49,"dplyr",17071,"dplyr (17071)"
"2554","2022-09-02",35,NA,17106,""
"2555","2022-09-03",20,NA,17126,""
"2556","2022-09-04",23,NA,17149,""
"2557","2022-09-05",51,NA,17200,""
"2558","2022-09-06",35,NA,17235,""
"2559","2022-09-07",44,NA,17279,""
"2560","2022-09-08",60,"tidyr",17339,"tidyr (17339)"
"2561","2022-09-09",42,NA,17381,""
"2562","2022-09-10",10,NA,17391,""
"2563","2022-09-11",16,NA,17407,""
"2564","2022-09-12",31,NA,17438,""
"2565","2022-09-13",36,NA,17474,""
"2566","2022-09-14",27,NA,17501,""
"2567","2022-09-15",31,NA,17532,""
"2568","2022-09-16",31,NA,17563,""
"2569","2022-09-17",19,NA,17582,""
"2570","2022-09-18",11,NA,17593,""
"2571","2022-09-19",39,NA,17632,""
"2572","2022-09-20",49,NA,17681,""
"2573","2022-09-21",29,NA,17710,""
"2574","2022-09-22",31,NA,17741,""
"2575","2022-09-23",39,NA,17780,""
"2576","2022-09-24",17,NA,17797,""
"2577","2022-09-25",27,NA,17824,""
"2578","2022-09-26",55,NA,17879,""
"2579","2022-09-27",24,NA,17903,""
"2580","2022-09-28",9,NA,17912,""
"2581","2022-09-29",77,NA,17989,""
"2582","2022-09-30",43,NA,18032,""
"2583","2022-10-01",26,"readr",18058,"readr (18058)"
"2584","2022-10-02",34,NA,18092,""
"2585","2022-10-03",52,NA,18144,""
"2586","2022-10-04",55,NA,18199,""
"2587","2022-10-05",47,NA,18246,""
"2588","2022-10-06",48,"purrr",18294,"purrr (18294)"
"2589","2022-10-07",42,"rmarkdown",18336,"rmarkdown (18336)"
"2590","2022-10-08",19,NA,18355,""
"2591","2022-10-09",35,NA,18390,""
"2592","2022-10-10",54,NA,18444,""
"2593","2022-10-11",34,NA,18478,""
"2594","2022-10-12",32,NA,18510,""
"2595","2022-10-13",37,NA,18547,""
"2596","2022-10-14",29,NA,18576,""
"2597","2022-10-15",14,NA,18590,""
"2598","2022-10-16",51,NA,18641,""
"2599","2022-10-17",57,"data.table",18698,"data.table (18698)"
"2600","2022-10-18",76,NA,18774,""
